"","X1","X1_26","X1_25","X1_24","X1_23","X1_22","X1_21","X1_20","X1_19","X1_18","X1_17","X1_16","X1_15","X1_14","X1_13","X1_12","X1_11","X1_10","X1_9","X1_8","X1_7","X1_6","X1_5","X1_4","X1_3","X1_2","X1_1","YEAR","TOURNAMENT","WINNER","RUNNER-UP"
"1",1,1,1,1,1,1,1,1,1,1,1,1,1,1,1,1,1,1,1,1,1,1,1,1,1,1,1,2019,"U.S. Open","Rafael Nadal","Daniil Medvedev"
"2",2,2,2,2,2,2,2,2,2,2,2,2,2,2,2,2,2,2,2,2,2,2,2,2,2,2,2,2019,"Wimbledon","Novak Djokovic","Roger Federer"
"3",3,3,3,3,3,3,3,3,3,3,3,3,3,3,3,3,3,3,3,3,3,3,3,3,3,3,3,2019,"French Open","Rafael Nadal","Dominic Thiem"
"4",4,4,4,4,4,4,4,4,4,4,4,4,4,4,4,4,4,4,4,4,4,4,4,4,4,4,4,2019,"Australian Open","Novak Djokovic","Rafael Nadal"
"5",5,5,5,5,5,5,5,5,5,5,5,5,5,5,5,5,5,5,5,5,5,5,5,5,5,5,5,2018,"U.S. Open","Novak Djokovic","Juan Martin del Potro"
"6",6,6,6,6,6,6,6,6,6,6,6,6,6,6,6,6,6,6,6,6,6,6,6,6,6,6,6,2018,"Wimbledon","Novak Djokovic","Kevin Anderson"
"7",7,7,7,7,7,7,7,7,7,7,7,7,7,7,7,7,7,7,7,7,7,7,7,7,7,7,7,2018,"French Open","Rafael Nadal","Dominic Thiem"
"8",8,8,8,8,8,8,8,8,8,8,8,8,8,8,8,8,8,8,8,8,8,8,8,8,8,8,8,2018,"Australian Open","Roger Federer","Marin Cilic"
"9",9,9,9,9,9,9,9,9,9,9,9,9,9,9,9,9,9,9,9,9,9,9,9,9,9,9,9,2017,"U.S. Open","Rafael Nadal","Kevin Anderson"
"10",10,10,10,10,10,10,10,10,10,10,10,10,10,10,10,10,10,10,10,10,10,10,10,10,10,10,10,2017,"Wimbledon","Roger Federer","Marin Cilic"
"11",11,11,11,11,11,11,11,11,11,11,11,11,11,11,11,11,11,11,11,11,11,11,11,11,11,11,11,2017,"French Open","Rafael Nadal","Stanislas Wawrinka"
"12",12,12,12,12,12,12,12,12,12,12,12,12,12,12,12,12,12,12,12,12,12,12,12,12,12,12,12,2017,"Australian Open","Roger Federer","Rafael Nadal"
"13",13,13,13,13,13,13,13,13,13,13,13,13,13,13,13,13,13,13,13,13,13,13,13,13,13,13,13,2016,"U.S. Open","Stanislas Wawrinka","Novak Djokovic"
"14",14,14,14,14,14,14,14,14,14,14,14,14,14,14,14,14,14,14,14,14,14,14,14,14,14,14,14,2016,"Wimbledon","Andy Murray","Milos Raonic"
"15",15,15,15,15,15,15,15,15,15,15,15,15,15,15,15,15,15,15,15,15,15,15,15,15,15,15,15,2016,"French Open","Novak Djokovic","Andy Murray"
"16",16,16,16,16,16,16,16,16,16,16,16,16,16,16,16,16,16,16,16,16,16,16,16,16,16,16,16,2016,"Australian Open","Novak Djokovic","Andy Murray"
"17",17,17,17,17,17,17,17,17,17,17,17,17,17,17,17,17,17,17,17,17,17,17,17,17,17,17,17,2015,"U.S. Open","Novak Djokovic","Roger Federer"
"18",18,18,18,18,18,18,18,18,18,18,18,18,18,18,18,18,18,18,18,18,18,18,18,18,18,18,18,2015,"Wimbledon","Novak Djokovic","Roger Federer"
"19",19,19,19,19,19,19,19,19,19,19,19,19,19,19,19,19,19,19,19,19,19,19,19,19,19,19,19,2015,"French Open","Stanislas Wawrinka","Novak Djokovic"
"20",20,20,20,20,20,20,20,20,20,20,20,20,20,20,20,20,20,20,20,20,20,20,20,20,20,20,20,2015,"Australian Open","Novak Djokovic","Andy Murray"
"21",21,21,21,21,21,21,21,21,21,21,21,21,21,21,21,21,21,21,21,21,21,21,21,21,21,21,21,2014,"U.S. Open","Marin Cilic","Kei Nishikori"
"22",22,22,22,22,22,22,22,22,22,22,22,22,22,22,22,22,22,22,22,22,22,22,22,22,22,22,22,2014,"Wimbledon","Novak Djokovic","Roger Federer"
"23",23,23,23,23,23,23,23,23,23,23,23,23,23,23,23,23,23,23,23,23,23,23,23,23,23,23,23,2014,"French Open","Rafael Nadal","Novak Djokovic"
"24",24,24,24,24,24,24,24,24,24,24,24,24,24,24,24,24,24,24,24,24,24,24,24,24,24,24,24,2014,"Australian Open","Stanislas Wawrinka","Rafael Nadal"
"25",25,25,25,25,25,25,25,25,25,25,25,25,25,25,25,25,25,25,25,25,25,25,25,25,25,25,25,2013,"U.S. Open","Rafael Nadal","Novak Djokovic"
"26",26,26,26,26,26,26,26,26,26,26,26,26,26,26,26,26,26,26,26,26,26,26,26,26,26,26,26,2013,"Wimbledon","Andy Murray","Novak Djokovic"
"27",27,27,27,27,27,27,27,27,27,27,27,27,27,27,27,27,27,27,27,27,27,27,27,27,27,27,27,2013,"French Open","Rafael Nadal","David Ferrer"
"28",28,28,28,28,28,28,28,28,28,28,28,28,28,28,28,28,28,28,28,28,28,28,28,28,28,28,28,2013,"Australian Open","Novak Djokovic","Andy Murray"
"29",29,29,29,29,29,29,29,29,29,29,29,29,29,29,29,29,29,29,29,29,29,29,29,29,29,29,29,2012,"U.S. Open","Andy Murray","Novak Djokovic"
"30",30,30,30,30,30,30,30,30,30,30,30,30,30,30,30,30,30,30,30,30,30,30,30,30,30,30,30,2012,"Wimbledon","Roger Federer","Andy Murray"
"31",31,31,31,31,31,31,31,31,31,31,31,31,31,31,31,31,31,31,31,31,31,31,31,31,31,31,31,2012,"French Open","Rafael Nadal","Novak Djokovic"
"32",32,32,32,32,32,32,32,32,32,32,32,32,32,32,32,32,32,32,32,32,32,32,32,32,32,32,32,2012,"Australian Open","Novak Djokovic","Rafael Nadal"
"33",33,33,33,33,33,33,33,33,33,33,33,33,33,33,33,33,33,33,33,33,33,33,33,33,33,33,33,2011,"U.S. Open","Novak Djokovic","Rafael Nadal"
"34",34,34,34,34,34,34,34,34,34,34,34,34,34,34,34,34,34,34,34,34,34,34,34,34,34,34,34,2011,"Wimbledon","Novak Djokovic","Rafael Nadal"
"35",35,35,35,35,35,35,35,35,35,35,35,35,35,35,35,35,35,35,35,35,35,35,35,35,35,35,35,2011,"French Open","Rafael Nadal","Roger Federer"
"36",36,36,36,36,36,36,36,36,36,36,36,36,36,36,36,36,36,36,36,36,36,36,36,36,36,36,36,2011,"Australian Open","Novak Djokovic","Andy Murray"
"37",37,37,37,37,37,37,37,37,37,37,37,37,37,37,37,37,37,37,37,37,37,37,37,37,37,37,37,2010,"U.S. Open","Rafael Nadal","Novak Djokovic"
"38",38,38,38,38,38,38,38,38,38,38,38,38,38,38,38,38,38,38,38,38,38,38,38,38,38,38,38,2010,"Wimbledon","Rafael Nadal","Tomas Berdych"
"39",39,39,39,39,39,39,39,39,39,39,39,39,39,39,39,39,39,39,39,39,39,39,39,39,39,39,39,2010,"French Open","Rafael Nadal","Robin Soderling"
"40",40,40,40,40,40,40,40,40,40,40,40,40,40,40,40,40,40,40,40,40,40,40,40,40,40,40,40,2010,"Australian Open","Roger Federer","Andy Murray"
"41",41,41,41,41,41,41,41,41,41,41,41,41,41,41,41,41,41,41,41,41,41,41,41,41,41,41,41,2009,"U.S. Open","Juan Martin del Potro","Roger Federer"
"42",42,42,42,42,42,42,42,42,42,42,42,42,42,42,42,42,42,42,42,42,42,42,42,42,42,42,42,2009,"Wimbledon","Roger Federer","Andy Roddick"
"43",43,43,43,43,43,43,43,43,43,43,43,43,43,43,43,43,43,43,43,43,43,43,43,43,43,43,43,2009,"French Open","Roger Federer","Robin Soderling"
"44",44,44,44,44,44,44,44,44,44,44,44,44,44,44,44,44,44,44,44,44,44,44,44,44,44,44,44,2009,"Australian Open","Rafael Nadal","Roger Federer"
"45",45,45,45,45,45,45,45,45,45,45,45,45,45,45,45,45,45,45,45,45,45,45,45,45,45,45,45,2008,"U.S. Open","Roger Federer","Andy Murray"
"46",46,46,46,46,46,46,46,46,46,46,46,46,46,46,46,46,46,46,46,46,46,46,46,46,46,46,46,2008,"Wimbledon","Rafael Nadal","Roger Federer"
"47",47,47,47,47,47,47,47,47,47,47,47,47,47,47,47,47,47,47,47,47,47,47,47,47,47,47,47,2008,"French Open","Rafael Nadal","Roger Federer"
"48",48,48,48,48,48,48,48,48,48,48,48,48,48,48,48,48,48,48,48,48,48,48,48,48,48,48,48,2008,"Australian Open","Novak Djokovic","Jo-Wilfried Tsonga"
"49",49,49,49,49,49,49,49,49,49,49,49,49,49,49,49,49,49,49,49,49,49,49,49,49,49,49,49,2007,"U.S. Open","Roger Federer","Novak Djokovic"
"50",50,50,50,50,50,50,50,50,50,50,50,50,50,50,50,50,50,50,50,50,50,50,50,50,50,50,50,2007,"Wimbledon","Roger Federer","Rafael Nadal"
"51",51,51,51,51,51,51,51,51,51,51,51,51,51,51,51,51,51,51,51,51,51,51,51,51,51,51,51,2007,"French Open","Rafael Nadal","Roger Federer"
"52",52,52,52,52,52,52,52,52,52,52,52,52,52,52,52,52,52,52,52,52,52,52,52,52,52,52,52,2007,"Australian Open","Roger Federer","Fernando Gonzalez"
"53",53,53,53,53,53,53,53,53,53,53,53,53,53,53,53,53,53,53,53,53,53,53,53,53,53,53,53,2006,"U.S. Open","Roger Federer","Andy Roddick"
"54",54,54,54,54,54,54,54,54,54,54,54,54,54,54,54,54,54,54,54,54,54,54,54,54,54,54,54,2006,"Wimbledon","Roger Federer","Rafael Nadal"
"55",55,55,55,55,55,55,55,55,55,55,55,55,55,55,55,55,55,55,55,55,55,55,55,55,55,55,55,2006,"French Open","Rafael Nadal","Roger Federer"
"56",56,56,56,56,56,56,56,56,56,56,56,56,56,56,56,56,56,56,56,56,56,56,56,56,56,56,56,2006,"Australian Open","Roger Federer","Marcos Baghdatis"
"57",57,57,57,57,57,57,57,57,57,57,57,57,57,57,57,57,57,57,57,57,57,57,57,57,57,57,57,2005,"U.S. Open","Roger Federer","Andre Agassi"
"58",58,58,58,58,58,58,58,58,58,58,58,58,58,58,58,58,58,58,58,58,58,58,58,58,58,58,58,2005,"Wimbledon","Roger Federer","Andy Roddick"
"59",59,59,59,59,59,59,59,59,59,59,59,59,59,59,59,59,59,59,59,59,59,59,59,59,59,59,59,2005,"French Open","Rafael Nadal","Mariano Puerta"
"60",60,60,60,60,60,60,60,60,60,60,60,60,60,60,60,60,60,60,60,60,60,60,60,60,60,60,60,2005,"Australian Open","Marat Safin","Lleyton Hewitt"
"61",61,61,61,61,61,61,61,61,61,61,61,61,61,61,61,61,61,61,61,61,61,61,61,61,61,61,61,2004,"U.S. Open","Roger Federer","Lleyton Hewitt"
"62",62,62,62,62,62,62,62,62,62,62,62,62,62,62,62,62,62,62,62,62,62,62,62,62,62,62,62,2004,"Wimbledon","Roger Federer","Andy Roddick"
"63",63,63,63,63,63,63,63,63,63,63,63,63,63,63,63,63,63,63,63,63,63,63,63,63,63,63,63,2004,"French Open","Gaston Gaudio","Guillermo Coria"
"64",64,64,64,64,64,64,64,64,64,64,64,64,64,64,64,64,64,64,64,64,64,64,64,64,64,64,64,2004,"Australian Open","Roger Federer","Marat Safin"
"65",65,65,65,65,65,65,65,65,65,65,65,65,65,65,65,65,65,65,65,65,65,65,65,65,65,65,65,2003,"U.S. Open","Andy Roddick","Juan Carlos Ferrero"
"66",66,66,66,66,66,66,66,66,66,66,66,66,66,66,66,66,66,66,66,66,66,66,66,66,66,66,66,2003,"Wimbledon","Roger Federer","Mark Philippoussis"
"67",67,67,67,67,67,67,67,67,67,67,67,67,67,67,67,67,67,67,67,67,67,67,67,67,67,67,67,2003,"French Open","Juan Carlos Ferrero","Martin Verkerk"
"68",68,68,68,68,68,68,68,68,68,68,68,68,68,68,68,68,68,68,68,68,68,68,68,68,68,68,68,2003,"Australian Open","Andre Agassi","Rainer Schuettler"
"69",69,69,69,69,69,69,69,69,69,69,69,69,69,69,69,69,69,69,69,69,69,69,69,69,69,69,69,2002,"U.S. Open","Pete Sampras","Andre Agassi"
"70",70,70,70,70,70,70,70,70,70,70,70,70,70,70,70,70,70,70,70,70,70,70,70,70,70,70,70,2002,"Wimbledon","Lleyton Hewitt","David Nalbandian"
"71",71,71,71,71,71,71,71,71,71,71,71,71,71,71,71,71,71,71,71,71,71,71,71,71,71,71,71,2002,"French Open","Albert Costa","Juan Carlos Ferrero"
"72",72,72,72,72,72,72,72,72,72,72,72,72,72,72,72,72,72,72,72,72,72,72,72,72,72,72,72,2002,"Australian Open","Thomas Johannson","Marat Safin"
"73",73,73,73,73,73,73,73,73,73,73,73,73,73,73,73,73,73,73,73,73,73,73,73,73,73,73,73,2001,"U.S. Open","Lleyton Hewitt","Pete Sampras"
"74",74,74,74,74,74,74,74,74,74,74,74,74,74,74,74,74,74,74,74,74,74,74,74,74,74,74,74,2001,"Wimbledon","Goran Ivanisevic","Patrick Rafter"
"75",75,75,75,75,75,75,75,75,75,75,75,75,75,75,75,75,75,75,75,75,75,75,75,75,75,75,75,2001,"French Open","Gustavo Kuerten","Alex Corretja"
"76",76,76,76,76,76,76,76,76,76,76,76,76,76,76,76,76,76,76,76,76,76,76,76,76,76,76,76,2001,"Australian Open","Andre Agassi","Arnaud Clement"
"77",77,77,77,77,77,77,77,77,77,77,77,77,77,77,77,77,77,77,77,77,77,77,77,77,77,77,77,2000,"U.S. Open","Marat Safin","Pete Sampras"
"78",78,78,78,78,78,78,78,78,78,78,78,78,78,78,78,78,78,78,78,78,78,78,78,78,78,78,78,2000,"Wimbledon","Pete Sampras","Patrick Rafter"
"79",79,79,79,79,79,79,79,79,79,79,79,79,79,79,79,79,79,79,79,79,79,79,79,79,79,79,79,2000,"French Open","Gustavo Kuerten","Magnus Norman"
"80",80,80,80,80,80,80,80,80,80,80,80,80,80,80,80,80,80,80,80,80,80,80,80,80,80,80,80,2000,"Australian Open","Andre Agassi","Yevgeny Kafelnikov"
"81",81,81,81,81,81,81,81,81,81,81,81,81,81,81,81,81,81,81,81,81,81,81,81,81,81,81,81,1999,"U.S. Open","Andre Agassi","Todd Martin"
"82",82,82,82,82,82,82,82,82,82,82,82,82,82,82,82,82,82,82,82,82,82,82,82,82,82,82,82,1999,"Wimbledon","Pete Sampras","Andre Agassi"
"83",83,83,83,83,83,83,83,83,83,83,83,83,83,83,83,83,83,83,83,83,83,83,83,83,83,83,83,1999,"French Open","Andre Agassi","Andre Medvedev"
"84",84,84,84,84,84,84,84,84,84,84,84,84,84,84,84,84,84,84,84,84,84,84,84,84,84,84,84,1999,"Australian Open","Yevgeny Kafelnikov","Thomas Enqvist"
"85",85,85,85,85,85,85,85,85,85,85,85,85,85,85,85,85,85,85,85,85,85,85,85,85,85,85,85,1998,"U.S. Open","Patrick Rafter","Mark Philippoussis"
"86",86,86,86,86,86,86,86,86,86,86,86,86,86,86,86,86,86,86,86,86,86,86,86,86,86,86,86,1998,"Wimbledon","Pete Sampras","Goran Ivanisevic"
"87",87,87,87,87,87,87,87,87,87,87,87,87,87,87,87,87,87,87,87,87,87,87,87,87,87,87,87,1998,"French Open","Carlos Moya","Alex Corretja"
"88",88,88,88,88,88,88,88,88,88,88,88,88,88,88,88,88,88,88,88,88,88,88,88,88,88,88,88,1998,"Australian Open","Petr Korda","Marcelo Rios"
"89",89,89,89,89,89,89,89,89,89,89,89,89,89,89,89,89,89,89,89,89,89,89,89,89,89,89,89,1997,"U.S. Open","Patrick Rafter","Greg Rusedski"
"90",90,90,90,90,90,90,90,90,90,90,90,90,90,90,90,90,90,90,90,90,90,90,90,90,90,90,90,1997,"Wimbledon","Pete Sampras","Cedric Pioline"
"91",91,91,91,91,91,91,91,91,91,91,91,91,91,91,91,91,91,91,91,91,91,91,91,91,91,91,91,1997,"French Open","Gustavo Kuerten","Sergi Bruguera"
"92",92,92,92,92,92,92,92,92,92,92,92,92,92,92,92,92,92,92,92,92,92,92,92,92,92,92,92,1997,"Australian Open","Pete Sampras","Carlos Moya"
"93",93,93,93,93,93,93,93,93,93,93,93,93,93,93,93,93,93,93,93,93,93,93,93,93,93,93,93,1996,"U.S. Open","Pete Sampras","Michael Chang"
"94",94,94,94,94,94,94,94,94,94,94,94,94,94,94,94,94,94,94,94,94,94,94,94,94,94,94,94,1996,"Wimbledon","Richard Krajicek","MaliVai Washington"
"95",95,95,95,95,95,95,95,95,95,95,95,95,95,95,95,95,95,95,95,95,95,95,95,95,95,95,95,1996,"French Open","Yevgeny Kafelnikov","Michael Stich"
"96",96,96,96,96,96,96,96,96,96,96,96,96,96,96,96,96,96,96,96,96,96,96,96,96,96,96,96,1996,"Australian Open","Boris Becker","Michael Chang"
"97",97,97,97,97,97,97,97,97,97,97,97,97,97,97,97,97,97,97,97,97,97,97,97,97,97,97,97,1995,"U.S. Open","Pete Sampras","Andre Agassi"
"98",98,98,98,98,98,98,98,98,98,98,98,98,98,98,98,98,98,98,98,98,98,98,98,98,98,98,98,1995,"Wimbledon","Pete Sampras","Boris Becker"
"99",99,99,99,99,99,99,99,99,99,99,99,99,99,99,99,99,99,99,99,99,99,99,99,99,99,99,99,1995,"French Open","Thomas Muster","Michael Chang"
"100",100,100,100,100,100,100,100,100,100,100,100,100,100,100,100,100,100,100,100,100,100,100,100,100,100,100,100,1995,"Australian Open","Andre Agassi","Pete Sampras"
"101",101,101,101,101,101,101,101,101,101,101,101,101,101,101,101,101,101,101,101,101,101,101,101,101,101,101,101,1994,"U.S. Open","Andre Agassi","Michael Stich"
"102",102,102,102,102,102,102,102,102,102,102,102,102,102,102,102,102,102,102,102,102,102,102,102,102,102,102,102,1994,"Wimbledon","Pete Sampras","Goran Ivanisevic"
"103",103,103,103,103,103,103,103,103,103,103,103,103,103,103,103,103,103,103,103,103,103,103,103,103,103,103,103,1994,"French Open","Sergi Bruguera","Alberto Berasategui"
"104",104,104,104,104,104,104,104,104,104,104,104,104,104,104,104,104,104,104,104,104,104,104,104,104,104,104,104,1994,"Australian Open","Pete Sampras","Todd Martin"
"105",105,105,105,105,105,105,105,105,105,105,105,105,105,105,105,105,105,105,105,105,105,105,105,105,105,105,105,1993,"U.S. Open","Pete Sampras","Cedric Pioline"
"106",106,106,106,106,106,106,106,106,106,106,106,106,106,106,106,106,106,106,106,106,106,106,106,106,106,106,106,1993,"Wimbledon","Pete Sampras","Jim Courier"
"107",107,107,107,107,107,107,107,107,107,107,107,107,107,107,107,107,107,107,107,107,107,107,107,107,107,107,107,1993,"French Open","Sergi Bruguera","Jim Courier"
"108",108,108,108,108,108,108,108,108,108,108,108,108,108,108,108,108,108,108,108,108,108,108,108,108,108,108,108,1993,"Australian Open","Jim Courier","Stefan Edberg"
"109",109,109,109,109,109,109,109,109,109,109,109,109,109,109,109,109,109,109,109,109,109,109,109,109,109,109,109,1992,"U.S. Open","Stefan Edberg","Pete Sampras"
"110",110,110,110,110,110,110,110,110,110,110,110,110,110,110,110,110,110,110,110,110,110,110,110,110,110,110,110,1992,"Wimbledon","Andre Agassi","Goran Ivanisevic"
"111",111,111,111,111,111,111,111,111,111,111,111,111,111,111,111,111,111,111,111,111,111,111,111,111,111,111,111,1992,"French Open","Jim Courier","Petr Korda"
"112",112,112,112,112,112,112,112,112,112,112,112,112,112,112,112,112,112,112,112,112,112,112,112,112,112,112,112,1992,"Australian Open","Jim Courier","Stefan Edberg"
"113",113,113,113,113,113,113,113,113,113,113,113,113,113,113,113,113,113,113,113,113,113,113,113,113,113,113,113,1991,"U.S. Open","Stefan Edberg","Jim Courier"
"114",114,114,114,114,114,114,114,114,114,114,114,114,114,114,114,114,114,114,114,114,114,114,114,114,114,114,114,1991,"Wimbledon","Michael Stich","Boris Becker"
"115",115,115,115,115,115,115,115,115,115,115,115,115,115,115,115,115,115,115,115,115,115,115,115,115,115,115,115,1991,"French Open","Jim Courier","Andre Agassi"
"116",116,116,116,116,116,116,116,116,116,116,116,116,116,116,116,116,116,116,116,116,116,116,116,116,116,116,116,1991,"Australian Open","Boris Becker","Ivan Lendl"
"117",117,117,117,117,117,117,117,117,117,117,117,117,117,117,117,117,117,117,117,117,117,117,117,117,117,117,117,1990,"U.S. Open","Pete Sampras","Andre Agassi"
"118",118,118,118,118,118,118,118,118,118,118,118,118,118,118,118,118,118,118,118,118,118,118,118,118,118,118,118,1990,"Wimbledon","Stefan Edberg","Boris Becker"
"119",119,119,119,119,119,119,119,119,119,119,119,119,119,119,119,119,119,119,119,119,119,119,119,119,119,119,119,1990,"French Open","Andres Gomez","Andre Agassi"
"120",120,120,120,120,120,120,120,120,120,120,120,120,120,120,120,120,120,120,120,120,120,120,120,120,120,120,120,1990,"Australian Open","Ivan Lendl","Stefan Edberg"
"121",121,121,121,121,121,121,121,121,121,121,121,121,121,121,121,121,121,121,121,121,121,121,121,121,121,121,121,1989,"U.S. Open","Boris Becker","Ivan Lendl"
"122",122,122,122,122,122,122,122,122,122,122,122,122,122,122,122,122,122,122,122,122,122,122,122,122,122,122,122,1989,"Wimbledon","Boris Becker","Stefan Edberg"
"123",123,123,123,123,123,123,123,123,123,123,123,123,123,123,123,123,123,123,123,123,123,123,123,123,123,123,123,1989,"French Open","Michael Chang","Stefan Edberg"
"124",124,124,124,124,124,124,124,124,124,124,124,124,124,124,124,124,124,124,124,124,124,124,124,124,124,124,124,1989,"Australian Open","Ivan Lendl","Miloslav Mecir"
"125",125,125,125,125,125,125,125,125,125,125,125,125,125,125,125,125,125,125,125,125,125,125,125,125,125,125,125,1988,"U.S. Open","Mats Wilander","Ivan Lendl"
"126",126,126,126,126,126,126,126,126,126,126,126,126,126,126,126,126,126,126,126,126,126,126,126,126,126,126,126,1988,"Wimbledon","Stefan Edberg","Boris Becker"
"127",127,127,127,127,127,127,127,127,127,127,127,127,127,127,127,127,127,127,127,127,127,127,127,127,127,127,127,1988,"French Open","Mats Wilander","Henri Leconte"
"128",128,128,128,128,128,128,128,128,128,128,128,128,128,128,128,128,128,128,128,128,128,128,128,128,128,128,128,1988,"Australian Open","Mats Wilander","Pat Cash"
"129",129,129,129,129,129,129,129,129,129,129,129,129,129,129,129,129,129,129,129,129,129,129,129,129,129,129,129,1987,"U.S. Open","Ivan Lendl","Mats Wilander"
"130",130,130,130,130,130,130,130,130,130,130,130,130,130,130,130,130,130,130,130,130,130,130,130,130,130,130,130,1987,"Wimbledon","Pat Cash","Ivan Lendl"
"131",131,131,131,131,131,131,131,131,131,131,131,131,131,131,131,131,131,131,131,131,131,131,131,131,131,131,131,1987,"French Open","Ivan Lendl","Mats Wilander"
"132",132,132,132,132,132,132,132,132,132,132,132,132,132,132,132,132,132,132,132,132,132,132,132,132,132,132,132,1987,"Australian Open","Stefan Edberg","Pat Cash"
"133",133,133,133,133,133,133,133,133,133,133,133,133,133,133,133,133,133,133,133,133,133,133,133,133,133,133,133,1986,"U.S. Open","Ivan Lendl","Miloslav Mecir"
"134",134,134,134,134,134,134,134,134,134,134,134,134,134,134,134,134,134,134,134,134,134,134,134,134,134,134,134,1986,"Wimbledon","Boris Becker","Ivan Lendl"
"135",135,135,135,135,135,135,135,135,135,135,135,135,135,135,135,135,135,135,135,135,135,135,135,135,135,135,135,1986,"French Open","Ivan Lendl","Mikael Pernfors"
"136",136,136,136,136,136,136,136,136,136,136,136,136,136,136,136,136,136,136,136,136,136,136,136,136,136,136,136,1985,"Australian Open","Stefan Edberg","Mats Wilander"
"137",137,137,137,137,137,137,137,137,137,137,137,137,137,137,137,137,137,137,137,137,137,137,137,137,137,137,137,1985,"U.S. Open","Ivan Lendl","John McEnroe"
"138",138,138,138,138,138,138,138,138,138,138,138,138,138,138,138,138,138,138,138,138,138,138,138,138,138,138,138,1985,"Wimbledon","Boris Becker","Kevin Curren"
"139",139,139,139,139,139,139,139,139,139,139,139,139,139,139,139,139,139,139,139,139,139,139,139,139,139,139,139,1985,"French Open","Mats Wilander","Ivan Lendl"
"140",140,140,140,140,140,140,140,140,140,140,140,140,140,140,140,140,140,140,140,140,140,140,140,140,140,140,140,1984,"Australian Open","Mats Wilander","Kevin Curren"
"141",141,141,141,141,141,141,141,141,141,141,141,141,141,141,141,141,141,141,141,141,141,141,141,141,141,141,141,1984,"U.S. Open","John McEnroe","Ivan Lendl"
"142",142,142,142,142,142,142,142,142,142,142,142,142,142,142,142,142,142,142,142,142,142,142,142,142,142,142,142,1984,"Wimbledon","John McEnroe","Jimmy Connors"
"143",143,143,143,143,143,143,143,143,143,143,143,143,143,143,143,143,143,143,143,143,143,143,143,143,143,143,143,1984,"French Open","Ivan Lendl","John McEnroe"
"144",144,144,144,144,144,144,144,144,144,144,144,144,144,144,144,144,144,144,144,144,144,144,144,144,144,144,144,1983,"Australian Open","Mats Wilander","Ivan Lendl"
"145",145,145,145,145,145,145,145,145,145,145,145,145,145,145,145,145,145,145,145,145,145,145,145,145,145,145,145,1983,"U.S. Open","Jimmy Connors","Ivan Lendl"
"146",146,146,146,146,146,146,146,146,146,146,146,146,146,146,146,146,146,146,146,146,146,146,146,146,146,146,146,1983,"Wimbledon","John McEnroe","Chris Lewis"
"147",147,147,147,147,147,147,147,147,147,147,147,147,147,147,147,147,147,147,147,147,147,147,147,147,147,147,147,1983,"French Open","Yannick Noah","Mats Wilander"
"148",148,148,148,148,148,148,148,148,148,148,148,148,148,148,148,148,148,148,148,148,148,148,148,148,148,148,148,1982,"Australian Open","Johan Kriek","Steve Denton"
"149",149,149,149,149,149,149,149,149,149,149,149,149,149,149,149,149,149,149,149,149,149,149,149,149,149,149,149,1982,"U.S. Open","Jimmy Connors","Ivan Lendl"
"150",150,150,150,150,150,150,150,150,150,150,150,150,150,150,150,150,150,150,150,150,150,150,150,150,150,150,150,1982,"Wimbledon","Jimmy Connors","John McEnroe"
"151",151,151,151,151,151,151,151,151,151,151,151,151,151,151,151,151,151,151,151,151,151,151,151,151,151,151,151,1982,"French Open","Mats Wilander","Guillermo Vilas"
"152",152,152,152,152,152,152,152,152,152,152,152,152,152,152,152,152,152,152,152,152,152,152,152,152,152,152,152,1981,"Australian Open","Johan Kriek","Steve Denton"
"153",153,153,153,153,153,153,153,153,153,153,153,153,153,153,153,153,153,153,153,153,153,153,153,153,153,153,153,1981,"U.S. Open","John McEnroe","Bjorn Borg"
"154",154,154,154,154,154,154,154,154,154,154,154,154,154,154,154,154,154,154,154,154,154,154,154,154,154,154,154,1981,"Wimbledon","John McEnroe","Bjorn Borg"
"155",155,155,155,155,155,155,155,155,155,155,155,155,155,155,155,155,155,155,155,155,155,155,155,155,155,155,155,1981,"French Open","Bjorn Borg","Ivan Lendl"
"156",156,156,156,156,156,156,156,156,156,156,156,156,156,156,156,156,156,156,156,156,156,156,156,156,156,156,156,1980,"Australian Open","Brian Teacher","Kim Warwick"
"157",157,157,157,157,157,157,157,157,157,157,157,157,157,157,157,157,157,157,157,157,157,157,157,157,157,157,157,1980,"U.S. Open","John McEnroe","Bjorn Borg"
"158",158,158,158,158,158,158,158,158,158,158,158,158,158,158,158,158,158,158,158,158,158,158,158,158,158,158,158,1980,"Wimbledon","Bjorn Borg","John McEnroe"
"159",159,159,159,159,159,159,159,159,159,159,159,159,159,159,159,159,159,159,159,159,159,159,159,159,159,159,159,1980,"French Open","Bjorn Borg","Vitas Gerulaitis"
"160",160,160,160,160,160,160,160,160,160,160,160,160,160,160,160,160,160,160,160,160,160,160,160,160,160,160,160,1979,"Australian Open","Guillermo Vilas","John Sadri"
"161",161,161,161,161,161,161,161,161,161,161,161,161,161,161,161,161,161,161,161,161,161,161,161,161,161,161,161,1979,"U.S. Open","John McEnroe","Vitas Gerulaitis"
"162",162,162,162,162,162,162,162,162,162,162,162,162,162,162,162,162,162,162,162,162,162,162,162,162,162,162,162,1979,"Wimbledon","Bjorn Borg","Roscoe Tanner"
"163",163,163,163,163,163,163,163,163,163,163,163,163,163,163,163,163,163,163,163,163,163,163,163,163,163,163,163,1979,"French Open","Bjorn Borg","Victor Pecci"
"164",164,164,164,164,164,164,164,164,164,164,164,164,164,164,164,164,164,164,164,164,164,164,164,164,164,164,164,1978,"Australian Open","Guillermo Vilas","John Marks"
"165",165,165,165,165,165,165,165,165,165,165,165,165,165,165,165,165,165,165,165,165,165,165,165,165,165,165,165,1978,"U.S. Open","Jimmy Connors","Bjorn Borg"
"166",166,166,166,166,166,166,166,166,166,166,166,166,166,166,166,166,166,166,166,166,166,166,166,166,166,166,166,1978,"Wimbledon","Bjorn Borg","Jimmy Connors"
"167",167,167,167,167,167,167,167,167,167,167,167,167,167,167,167,167,167,167,167,167,167,167,167,167,167,167,167,1978,"French Open","Bjorn Borg","Guillermo Vilas"
"168",168,168,168,168,168,168,168,168,168,168,168,168,168,168,168,168,168,168,168,168,168,168,168,168,168,168,168,1977,"Australian Open (Dec)","Vitas Gerulaitis","John Lloyd"
"169",169,169,169,169,169,169,169,169,169,169,169,169,169,169,169,169,169,169,169,169,169,169,169,169,169,169,169,1977,"U.S. Open","Guillermo Vilas","Jimmy Connors"
"170",170,170,170,170,170,170,170,170,170,170,170,170,170,170,170,170,170,170,170,170,170,170,170,170,170,170,170,1977,"Wimbledon","Bjorn Borg","Jimmy Connors"
"171",171,171,171,171,171,171,171,171,171,171,171,171,171,171,171,171,171,171,171,171,171,171,171,171,171,171,171,1977,"French Open","Guillermo Vilas","Brian Gottfried"
"172",172,172,172,172,172,172,172,172,172,172,172,172,172,172,172,172,172,172,172,172,172,172,172,172,172,172,172,1977,"Australian Open (Jan)","Roscoe Tanner","Guillermo Vilas"
"173",173,173,173,173,173,173,173,173,173,173,173,173,173,173,173,173,173,173,173,173,173,173,173,173,173,173,173,1976,"U.S. Open","Jimmy Connors","Bjorn Borg"
"174",174,174,174,174,174,174,174,174,174,174,174,174,174,174,174,174,174,174,174,174,174,174,174,174,174,174,174,1976,"Wimbledon","Bjorn Borg","Ilie Nastase"
"175",175,175,175,175,175,175,175,175,175,175,175,175,175,175,175,175,175,175,175,175,175,175,175,175,175,175,175,1976,"French Open","Adriano Panatta","Harold Soloman"
"176",176,176,176,176,176,176,176,176,176,176,176,176,176,176,176,176,176,176,176,176,176,176,176,176,176,176,176,1976,"Australian Open","Mark Edmondson","John Newcombe"
"177",177,177,177,177,177,177,177,177,177,177,177,177,177,177,177,177,177,177,177,177,177,177,177,177,177,177,177,1975,"U.S. Open","Manuel Orantes","Jimmy Connors"
"178",178,178,178,178,178,178,178,178,178,178,178,178,178,178,178,178,178,178,178,178,178,178,178,178,178,178,178,1975,"Wimbledon","Arthur Ashe","Jimmy Connors"
"179",179,179,179,179,179,179,179,179,179,179,179,179,179,179,179,179,179,179,179,179,179,179,179,179,179,179,179,1975,"French Open","Bjorn Borg","Guillermo Vilas"
"180",180,180,180,180,180,180,180,180,180,180,180,180,180,180,180,180,180,180,180,180,180,180,180,180,180,180,180,1975,"Australian Open","John Newcombe","Jimmy Connors"
"181",181,181,181,181,181,181,181,181,181,181,181,181,181,181,181,181,181,181,181,181,181,181,181,181,181,181,181,1974,"U.S. Open","Jimmy Connors","Ken Rosewall"
"182",182,182,182,182,182,182,182,182,182,182,182,182,182,182,182,182,182,182,182,182,182,182,182,182,182,182,182,1974,"Wimbledon","Jimmy Connors","Ken Rosewall"
"183",183,183,183,183,183,183,183,183,183,183,183,183,183,183,183,183,183,183,183,183,183,183,183,183,183,183,183,1974,"French Open","Bjorn Borg","Manuel Orantes"
"184",184,184,184,184,184,184,184,184,184,184,184,184,184,184,184,184,184,184,184,184,184,184,184,184,184,184,184,1974,"Australian Open","Jimmy Connors","Phil Dent"
"185",185,185,185,185,185,185,185,185,185,185,185,185,185,185,185,185,185,185,185,185,185,185,185,185,185,185,185,1973,"U.S. Open","John Newcombe","Jan Kodes"
"186",186,186,186,186,186,186,186,186,186,186,186,186,186,186,186,186,186,186,186,186,186,186,186,186,186,186,186,1973,"Wimbledon","Jan Kodes","Alex Metreveli"
"187",187,187,187,187,187,187,187,187,187,187,187,187,187,187,187,187,187,187,187,187,187,187,187,187,187,187,187,1973,"French Open","Ilie Nastase","Nikola Pilic"
"188",188,188,188,188,188,188,188,188,188,188,188,188,188,188,188,188,188,188,188,188,188,188,188,188,188,188,188,1973,"Australian Open","John Newcombe","Onny Parun"
"189",189,189,189,189,189,189,189,189,189,189,189,189,189,189,189,189,189,189,189,189,189,189,189,189,189,189,189,1972,"U.S. Open","Ilie Nastase","Arthur Ashe"
"190",190,190,190,190,190,190,190,190,190,190,190,190,190,190,190,190,190,190,190,190,190,190,190,190,190,190,190,1972,"Wimbledon","Stan Smith","Ilie Nastase"
"191",191,191,191,191,191,191,191,191,191,191,191,191,191,191,191,191,191,191,191,191,191,191,191,191,191,191,191,1972,"French Open","Andres Gimeno","Patrick Proisy"
"192",192,192,192,192,192,192,192,192,192,192,192,192,192,192,192,192,192,192,192,192,192,192,192,192,192,192,192,1972,"Australian Open","Ken Rosewall","Mal Anderson"
"193",193,193,193,193,193,193,193,193,193,193,193,193,193,193,193,193,193,193,193,193,193,193,193,193,193,193,193,1971,"U.S. Open","Stan Smith","Jan Kodes"
"194",194,194,194,194,194,194,194,194,194,194,194,194,194,194,194,194,194,194,194,194,194,194,194,194,194,194,194,1971,"Wimbledon","John Newcombe","Stan Smith"
"195",195,195,195,195,195,195,195,195,195,195,195,195,195,195,195,195,195,195,195,195,195,195,195,195,195,195,195,1971,"French Open","Jan Kodes","Ilie Nastase"
"196",196,196,196,196,196,196,196,196,196,196,196,196,196,196,196,196,196,196,196,196,196,196,196,196,196,196,196,1971,"Australian Open","Ken Rosewall","Arthur Ashe"
"197",197,197,197,197,197,197,197,197,197,197,197,197,197,197,197,197,197,197,197,197,197,197,197,197,197,197,197,1970,"U.S. Open","Ken Rosewall","Tony Roche"
"198",198,198,198,198,198,198,198,198,198,198,198,198,198,198,198,198,198,198,198,198,198,198,198,198,198,198,198,1970,"Wimbledon","John Newcombe","Ken Rosewall"
"199",199,199,199,199,199,199,199,199,199,199,199,199,199,199,199,199,199,199,199,199,199,199,199,199,199,199,199,1970,"French Open","Jan Kodes","Zeljiko Franulovic"
"200",200,200,200,200,200,200,200,200,200,200,200,200,200,200,200,200,200,200,200,200,200,200,200,200,200,200,200,1970,"Australian Open","Arthur Ashe","Dick Crealy"
"201",201,201,201,201,201,201,201,201,201,201,201,201,201,201,201,201,201,201,201,201,201,201,201,201,201,201,201,1969,"U.S. Open","Rod Laver","Tony Roche"
"202",202,202,202,202,202,202,202,202,202,202,202,202,202,202,202,202,202,202,202,202,202,202,202,202,202,202,202,1969,"Wimbledon","Rod Laver","John Newcombe"
"203",203,203,203,203,203,203,203,203,203,203,203,203,203,203,203,203,203,203,203,203,203,203,203,203,203,203,203,1969,"French Open","Rod Laver","Ken Rosewall"
"204",204,204,204,204,204,204,204,204,204,204,204,204,204,204,204,204,204,204,204,204,204,204,204,204,204,204,204,1969,"Australian Open","Rod Laver","Andres Gimeno"
"205",205,205,205,205,205,205,205,205,205,205,205,205,205,205,205,205,205,205,205,205,205,205,205,205,205,205,205,1968,"U.S. Open","Arthur Ashe","Tom Okker"
"206",206,206,206,206,206,206,206,206,206,206,206,206,206,206,206,206,206,206,206,206,206,206,206,206,206,206,206,1968,"Wimbledon","Rod Laver","Tony Roche"
"207",207,207,207,207,207,207,207,207,207,207,207,207,207,207,207,207,207,207,207,207,207,207,207,207,207,207,207,1968,"French Open","Ken Rosewall","Rod Laver"
"208",208,208,208,208,208,208,208,208,208,208,208,208,208,208,208,208,208,208,208,208,208,208,208,208,208,208,208,1968,"Australian Open","Bill Bowrey","Juan Gisbert"
"209",209,209,209,209,209,209,209,209,209,209,209,209,209,209,209,209,209,209,209,209,209,209,209,209,209,209,209,1967,"U.S. Open","John Newcombe","Clark Graebner"
"210",210,210,210,210,210,210,210,210,210,210,210,210,210,210,210,210,210,210,210,210,210,210,210,210,210,210,210,1967,"Wimbledon","John Newcombe","Wilhelm Bungert"
"211",211,211,211,211,211,211,211,211,211,211,211,211,211,211,211,211,211,211,211,211,211,211,211,211,211,211,211,1967,"French Open","Roy Emerson","Tony Roche"
"212",212,212,212,212,212,212,212,212,212,212,212,212,212,212,212,212,212,212,212,212,212,212,212,212,212,212,212,1967,"Australian Open","Roy Emerson","Arthur Ashe"
"213",213,213,213,213,213,213,213,213,213,213,213,213,213,213,213,213,213,213,213,213,213,213,213,213,213,213,213,1966,"U.S. Open","Fred Stolle","John Newcombe"
"214",214,214,214,214,214,214,214,214,214,214,214,214,214,214,214,214,214,214,214,214,214,214,214,214,214,214,214,1966,"Wimbledon","Manuel Santana","Dennis Ralston"
"215",215,215,215,215,215,215,215,215,215,215,215,215,215,215,215,215,215,215,215,215,215,215,215,215,215,215,215,1966,"French Open","Tony Roche","Istvan Gulyas"
"216",216,216,216,216,216,216,216,216,216,216,216,216,216,216,216,216,216,216,216,216,216,216,216,216,216,216,216,1966,"Australian Open","Roy Emerson","Arthur Ashe"
"217",217,217,217,217,217,217,217,217,217,217,217,217,217,217,217,217,217,217,217,217,217,217,217,217,217,217,217,1965,"U.S. Open","Manuel Santana","Cliff Drysdale"
"218",218,218,218,218,218,218,218,218,218,218,218,218,218,218,218,218,218,218,218,218,218,218,218,218,218,218,218,1965,"Wimbledon","Roy Emerson","Fred Stolle"
"219",219,219,219,219,219,219,219,219,219,219,219,219,219,219,219,219,219,219,219,219,219,219,219,219,219,219,219,1965,"French Open","Fred Stolle","Tony Roche"
"220",220,220,220,220,220,220,220,220,220,220,220,220,220,220,220,220,220,220,220,220,220,220,220,220,220,220,220,1965,"Australian Open","Roy Emerson","Fred Stolle"
"221",221,221,221,221,221,221,221,221,221,221,221,221,221,221,221,221,221,221,221,221,221,221,221,221,221,221,221,1964,"U.S. Open","Roy Emerson","Fred Stolle"
"222",222,222,222,222,222,222,222,222,222,222,222,222,222,222,222,222,222,222,222,222,222,222,222,222,222,222,222,1964,"Wimbledon","Roy Emerson","Fred Stolle"
"223",223,223,223,223,223,223,223,223,223,223,223,223,223,223,223,223,223,223,223,223,223,223,223,223,223,223,223,1964,"French Open","Manuel Santana","Nicola Pietrangeli"
"224",224,224,224,224,224,224,224,224,224,224,224,224,224,224,224,224,224,224,224,224,224,224,224,224,224,224,224,1964,"Australian Open","Roy Emerson","Fred Stolle"
"225",225,225,225,225,225,225,225,225,225,225,225,225,225,225,225,225,225,225,225,225,225,225,225,225,225,225,225,1963,"U.S. Open","Rafael Osuna","Frank Froehling, III"
"226",226,226,226,226,226,226,226,226,226,226,226,226,226,226,226,226,226,226,226,226,226,226,226,226,226,226,226,1963,"Wimbledon","C.R. McKinley","Fred Stolle"
"227",227,227,227,227,227,227,227,227,227,227,227,227,227,227,227,227,227,227,227,227,227,227,227,227,227,227,227,1963,"French Open","Roy Emerson","Pierre Darmon"
"228",228,228,228,228,228,228,228,228,228,228,228,228,228,228,228,228,228,228,228,228,228,228,228,228,228,228,228,1963,"Australian Open","Roy Emerson","Ken Fletcher"
"229",229,229,229,229,229,229,229,229,229,229,229,229,229,229,229,229,229,229,229,229,229,229,229,229,229,229,229,1962,"U.S. Open","Rod Laver","Roy Emerson"
"230",230,230,230,230,230,230,230,230,230,230,230,230,230,230,230,230,230,230,230,230,230,230,230,230,230,230,230,1962,"Wimbledon","Rod Laver","Martin Mulligan"
"231",231,231,231,231,231,231,231,231,231,231,231,231,231,231,231,231,231,231,231,231,231,231,231,231,231,231,231,1962,"French Open","Rod Laver","Roy Emerson"
"232",232,232,232,232,232,232,232,232,232,232,232,232,232,232,232,232,232,232,232,232,232,232,232,232,232,232,232,1962,"Australian Open","Rod Laver","Roy Emerson"
"233",233,233,233,233,233,233,233,233,233,233,233,233,233,233,233,233,233,233,233,233,233,233,233,233,233,233,233,1961,"U.S. Open","Roy Emerson","Rod Laver"
"234",234,234,234,234,234,234,234,234,234,234,234,234,234,234,234,234,234,234,234,234,234,234,234,234,234,234,234,1961,"Wimbledon","Rod Laver","Chuck McKinley"
"235",235,235,235,235,235,235,235,235,235,235,235,235,235,235,235,235,235,235,235,235,235,235,235,235,235,235,235,1961,"French Open","Manuel Santana","Nicola Pietrangeli"
"236",236,236,236,236,236,236,236,236,236,236,236,236,236,236,236,236,236,236,236,236,236,236,236,236,236,236,236,1961,"Australian Open","Roy Emerson","Rod Laver"
"237",237,237,237,237,237,237,237,237,237,237,237,237,237,237,237,237,237,237,237,237,237,237,237,237,237,237,237,1960,"U.S. Open","Neale Fraser","Rod Laver"
"238",238,238,238,238,238,238,238,238,238,238,238,238,238,238,238,238,238,238,238,238,238,238,238,238,238,238,238,1960,"Wimbledon","Neale Fraser","Rod Laver"
"239",239,239,239,239,239,239,239,239,239,239,239,239,239,239,239,239,239,239,239,239,239,239,239,239,239,239,239,1960,"French Open","Nicola Pietrangeli","Luis Ayala"
"240",240,240,240,240,240,240,240,240,240,240,240,240,240,240,240,240,240,240,240,240,240,240,240,240,240,240,240,1960,"Australian Open","Rod Laver","Neale Fraser"
"241",241,241,241,241,241,241,241,241,241,241,241,241,241,241,241,241,241,241,241,241,241,241,241,241,241,241,241,1959,"U.S. Open","Neale Fraser","Alejandro Olmedo"
"242",242,242,242,242,242,242,242,242,242,242,242,242,242,242,242,242,242,242,242,242,242,242,242,242,242,242,242,1959,"Wimbledon","Alejandro Olmedo","Rod Laver"
"243",243,243,243,243,243,243,243,243,243,243,243,243,243,243,243,243,243,243,243,243,243,243,243,243,243,243,243,1959,"French Open","Nicola Pietrangeli","Ian Vermaak"
"244",244,244,244,244,244,244,244,244,244,244,244,244,244,244,244,244,244,244,244,244,244,244,244,244,244,244,244,1959,"Australian Open","Alex Olmedo","Neale Fraser"
"245",245,245,245,245,245,245,245,245,245,245,245,245,245,245,245,245,245,245,245,245,245,245,245,245,245,245,245,1958,"U.S. Open","Ashley J. Cooper","Malcolm J. Anderson"
"246",246,246,246,246,246,246,246,246,246,246,246,246,246,246,246,246,246,246,246,246,246,246,246,246,246,246,246,1958,"Wimbledon","Ashley J. Cooper","Neale Fraser"
"247",247,247,247,247,247,247,247,247,247,247,247,247,247,247,247,247,247,247,247,247,247,247,247,247,247,247,247,1958,"French Open","Mervyn Rose","Luis Ayala"
"248",248,248,248,248,248,248,248,248,248,248,248,248,248,248,248,248,248,248,248,248,248,248,248,248,248,248,248,1958,"Australian Open","Ashley J. Cooper","Mal Anderson"
"249",249,249,249,249,249,249,249,249,249,249,249,249,249,249,249,249,249,249,249,249,249,249,249,249,249,249,249,1957,"U.S. Open","Malcolm J. Anderson","Ashley J. Cooper"
"250",250,250,250,250,250,250,250,250,250,250,250,250,250,250,250,250,250,250,250,250,250,250,250,250,250,250,250,1957,"Wimbledon","Lewis Hoad","Ashley Cooper"
"251",251,251,251,251,251,251,251,251,251,251,251,251,251,251,251,251,251,251,251,251,251,251,251,251,251,251,251,1957,"French Open","Sven Davidson","Herbert Flam"
"252",252,252,252,252,252,252,252,252,252,252,252,252,252,252,252,252,252,252,252,252,252,252,252,252,252,252,252,1957,"Australian Open","Ashley J. Cooper","Neale Fraser"
"253",253,253,253,253,253,253,253,253,253,253,253,253,253,253,253,253,253,253,253,253,253,253,253,253,253,253,253,1956,"U.S. Open","Ken Rosewall","Lewis Hoad"
"254",254,254,254,254,254,254,254,254,254,254,254,254,254,254,254,254,254,254,254,254,254,254,254,254,254,254,254,1956,"Wimbledon","Lewis Hoad","Ken Rosewall"
"255",255,255,255,255,255,255,255,255,255,255,255,255,255,255,255,255,255,255,255,255,255,255,255,255,255,255,255,1956,"French Open","Lewis Hoad","Sven Davidson"
"256",256,256,256,256,256,256,256,256,256,256,256,256,256,256,256,256,256,256,256,256,256,256,256,256,256,256,256,1956,"Australian Open","Lewis Hoad","Ken Rosewall"
"257",257,257,257,257,257,257,257,257,257,257,257,257,257,257,257,257,257,257,257,257,257,257,257,257,257,257,257,1955,"U.S. Open","Tony Trabert","Ken Rosewall"
"258",258,258,258,258,258,258,258,258,258,258,258,258,258,258,258,258,258,258,258,258,258,258,258,258,258,258,258,1955,"Wimbledon","Tony Trabert","Kurt Nielsen"
"259",259,259,259,259,259,259,259,259,259,259,259,259,259,259,259,259,259,259,259,259,259,259,259,259,259,259,259,1955,"French Open","Tony Trabert","Sven Davidson"
"260",260,260,260,260,260,260,260,260,260,260,260,260,260,260,260,260,260,260,260,260,260,260,260,260,260,260,260,1955,"Australian Open","Ken Rosewall","Lew Hoad"
"261",261,261,261,261,261,261,261,261,261,261,261,261,261,261,261,261,261,261,261,261,261,261,261,261,261,261,261,1954,"U.S. Open","E. Victor Seixas Jr.","Rex Hartwig"
"262",262,262,262,262,262,262,262,262,262,262,262,262,262,262,262,262,262,262,262,262,262,262,262,262,262,262,262,1954,"Wimbledon","Jaroslav Drobny","Ken Rosewall"
"263",263,263,263,263,263,263,263,263,263,263,263,263,263,263,263,263,263,263,263,263,263,263,263,263,263,263,263,1954,"French Open","Tony Trabert","Sven Davidson"
"264",264,264,264,264,264,264,264,264,264,264,264,264,264,264,264,264,264,264,264,264,264,264,264,264,264,264,264,1954,"Australian Open","Mervyn Rose","Rex Hartwig"
"265",265,265,265,265,265,265,265,265,265,265,265,265,265,265,265,265,265,265,265,265,265,265,265,265,265,265,265,1953,"U.S. Open","Tony Trabert","E. Victor Seixas, Jr."
"266",266,266,266,266,266,266,266,266,266,266,266,266,266,266,266,266,266,266,266,266,266,266,266,266,266,266,266,1953,"Wimbledon","E. Victor Seixas Jr.","Kurt Nielsen"
"267",267,267,267,267,267,267,267,267,267,267,267,267,267,267,267,267,267,267,267,267,267,267,267,267,267,267,267,1953,"French Open","Ken Rosewall","E. Victor Seixas, Jr."
"268",268,268,268,268,268,268,268,268,268,268,268,268,268,268,268,268,268,268,268,268,268,268,268,268,268,268,268,1953,"Australian Open","Ken Rosewall","Mervyn Rose"
"269",269,269,269,269,269,269,269,269,269,269,269,269,269,269,269,269,269,269,269,269,269,269,269,269,269,269,269,1952,"U.S. Open","Frank Sedgman","Gardnar Mulloy"
"270",270,270,270,270,270,270,270,270,270,270,270,270,270,270,270,270,270,270,270,270,270,270,270,270,270,270,270,1952,"Wimbledon","Frank Sedgman","Jaroslav Drobny"
"271",271,271,271,271,271,271,271,271,271,271,271,271,271,271,271,271,271,271,271,271,271,271,271,271,271,271,271,1952,"French Open","Jaroslav Drobny","Frank Sedgman"
"272",272,272,272,272,272,272,272,272,272,272,272,272,272,272,272,272,272,272,272,272,272,272,272,272,272,272,272,1952,"Australian Open","Ken McGregor","Frank Sedgman"
"273",273,273,273,273,273,273,273,273,273,273,273,273,273,273,273,273,273,273,273,273,273,273,273,273,273,273,273,1951,"U.S. Open","Frank Sedgman","E. Victor Seixas, Jr."
"274",274,274,274,274,274,274,274,274,274,274,274,274,274,274,274,274,274,274,274,274,274,274,274,274,274,274,274,1951,"Wimbledon","R. Savitt","Ken McGregor"
"275",275,275,275,275,275,275,275,275,275,275,275,275,275,275,275,275,275,275,275,275,275,275,275,275,275,275,275,1951,"French Open","Jaroslav Drobny","Eric Sturgess"
"276",276,276,276,276,276,276,276,276,276,276,276,276,276,276,276,276,276,276,276,276,276,276,276,276,276,276,276,1951,"Australian Open","Dick Savitt","Ken McGregor"
"277",277,277,277,277,277,277,277,277,277,277,277,277,277,277,277,277,277,277,277,277,277,277,277,277,277,277,277,1950,"U.S. Open","Arthur Larsen","Herbert Flam"
"278",278,278,278,278,278,278,278,278,278,278,278,278,278,278,278,278,278,278,278,278,278,278,278,278,278,278,278,1950,"Wimbledon","J.E. Patty","Frank Sedgman"
"279",279,279,279,279,279,279,279,279,279,279,279,279,279,279,279,279,279,279,279,279,279,279,279,279,279,279,279,1950,"French Open","Budge Patty","Jaroslav Drobny"
"280",280,280,280,280,280,280,280,280,280,280,280,280,280,280,280,280,280,280,280,280,280,280,280,280,280,280,280,1950,"Australian Open","Frank Sedgman","Ken McGregor"
"281",281,281,281,281,281,281,281,281,281,281,281,281,281,281,281,281,281,281,281,281,281,281,281,281,281,281,281,1949,"U.S. Open","Richard A. Gonzales","Frederick Schroeder"
"282",282,282,282,282,282,282,282,282,282,282,282,282,282,282,282,282,282,282,282,282,282,282,282,282,282,282,282,1949,"Wimbledon","F.R. Schroeder","Jaroslav Drobny"
"283",283,283,283,283,283,283,283,283,283,283,283,283,283,283,283,283,283,283,283,283,283,283,283,283,283,283,283,1949,"French Open","Frank Parker","Budge Patty"
"284",284,284,284,284,284,284,284,284,284,284,284,284,284,284,284,284,284,284,284,284,284,284,284,284,284,284,284,1949,"Australian Open","Frank Sedgman","John Bromwich"
"285",285,285,285,285,285,285,285,285,285,285,285,285,285,285,285,285,285,285,285,285,285,285,285,285,285,285,285,1948,"U.S. Open","Richard A. Gonzales","Eric W. Sturgess"
"286",286,286,286,286,286,286,286,286,286,286,286,286,286,286,286,286,286,286,286,286,286,286,286,286,286,286,286,1948,"Wimbledon","R. Falkenburg","John Bromwich"
"287",287,287,287,287,287,287,287,287,287,287,287,287,287,287,287,287,287,287,287,287,287,287,287,287,287,287,287,1948,"French Open","Frank Parker","Jaroslav Drobny"
"288",288,288,288,288,288,288,288,288,288,288,288,288,288,288,288,288,288,288,288,288,288,288,288,288,288,288,288,1948,"Australian Open","Adrian Quist","John Bromwich"
"289",289,289,289,289,289,289,289,289,289,289,289,289,289,289,289,289,289,289,289,289,289,289,289,289,289,289,289,1947,"U.S. Open","Jack Kramer","Frank Parker"
"290",290,290,290,290,290,290,290,290,290,290,290,290,290,290,290,290,290,290,290,290,290,290,290,290,290,290,290,1947,"Wimbledon","Jack Kramer","Tom P. Brown"
"291",291,291,291,291,291,291,291,291,291,291,291,291,291,291,291,291,291,291,291,291,291,291,291,291,291,291,291,1947,"French Open","Jozsef Asboth","Eric Sturgess"
"292",292,292,292,292,292,292,292,292,292,292,292,292,292,292,292,292,292,292,292,292,292,292,292,292,292,292,292,1947,"Australian Open","Dinny Pails","John Bromwich"
"293",293,293,293,293,293,293,293,293,293,293,293,293,293,293,293,293,293,293,293,293,293,293,293,293,293,293,293,1946,"U.S. Open","Jack Kramer","Tom Brown, Jr."
"294",294,294,294,294,294,294,294,294,294,294,294,294,294,294,294,294,294,294,294,294,294,294,294,294,294,294,294,1946,"Wimbledon","Yvon Petra","Geoff E. Brown"
"295",295,295,295,295,295,295,295,295,295,295,295,295,295,295,295,295,295,295,295,295,295,295,295,295,295,295,295,1946,"French Open","Marcel Bernard","Jaroslav Drobny"
"296",296,296,296,296,296,296,296,296,296,296,296,296,296,296,296,296,296,296,296,296,296,296,296,296,296,296,296,1946,"Australian Open","John Bromwich","Dinny Pails"
"297",297,297,297,297,297,297,297,297,297,297,297,297,297,297,297,297,297,297,297,297,297,297,297,297,297,297,297,1945,"U.S. Open","Frank Parker","William F. Talbert"
"298",298,298,298,298,298,298,298,298,298,298,298,298,298,298,298,298,298,298,298,298,298,298,298,298,298,298,298,1944,"U.S. Open","Frank Parker","William F. Talbert"
"299",299,299,299,299,299,299,299,299,299,299,299,299,299,299,299,299,299,299,299,299,299,299,299,299,299,299,299,1943,"U.S. Open","Lt. Joseph R. Hunt","Seaman Jack Kramer"
"300",300,300,300,300,300,300,300,300,300,300,300,300,300,300,300,300,300,300,300,300,300,300,300,300,300,300,300,1942,"U.S. Open","Frederick R. Schroeder, Jr.","Frank Parker"
"301",301,301,301,301,301,301,301,301,301,301,301,301,301,301,301,301,301,301,301,301,301,301,301,301,301,301,301,1941,"U.S. Open","Robert Riggs","Francis Kovacs, 2d"
"302",302,302,302,302,302,302,302,302,302,302,302,302,302,302,302,302,302,302,302,302,302,302,302,302,302,302,302,1940,"U.S. Open","Donald McNeill","Robert Riggs"
"303",303,303,303,303,303,303,303,303,303,303,303,303,303,303,303,303,303,303,303,303,303,303,303,303,303,303,303,1940,"Australian Open","Adrian Quist","Jack Crawford"
"304",304,304,304,304,304,304,304,304,304,304,304,304,304,304,304,304,304,304,304,304,304,304,304,304,304,304,304,1939,"U.S. Open","Robert Riggs","S. Welby van Horn"
"305",305,305,305,305,305,305,305,305,305,305,305,305,305,305,305,305,305,305,305,305,305,305,305,305,305,305,305,1939,"Wimbledon","Robert Riggs","Elwood Cooke"
"306",306,306,306,306,306,306,306,306,306,306,306,306,306,306,306,306,306,306,306,306,306,306,306,306,306,306,306,1939,"French Open","William McNeill","Robert Riggs"
"307",307,307,307,307,307,307,307,307,307,307,307,307,307,307,307,307,307,307,307,307,307,307,307,307,307,307,307,1939,"Australian Open","John Bromwich","Adrian Quist"
"308",308,308,308,308,308,308,308,308,308,308,308,308,308,308,308,308,308,308,308,308,308,308,308,308,308,308,308,1938,"U.S. Open","Donald Budge","C. Gene Mako"
"309",309,309,309,309,309,309,309,309,309,309,309,309,309,309,309,309,309,309,309,309,309,309,309,309,309,309,309,1938,"Wimbledon","Donald Budge","Henry Austin"
"310",310,310,310,310,310,310,310,310,310,310,310,310,310,310,310,310,310,310,310,310,310,310,310,310,310,310,310,1938,"French Open","Donald Budge","Roderik Menzel"
"311",311,311,311,311,311,311,311,311,311,311,311,311,311,311,311,311,311,311,311,311,311,311,311,311,311,311,311,1938,"Australian Open","Donald Budge","John Bromwich"
"312",312,312,312,312,312,312,312,312,312,312,312,312,312,312,312,312,312,312,312,312,312,312,312,312,312,312,312,1937,"U.S. Open","Donald Budge","Gottfried Von Cramm"
"313",313,313,313,313,313,313,313,313,313,313,313,313,313,313,313,313,313,313,313,313,313,313,313,313,313,313,313,1937,"Wimbledon","Donald Budge","Gottfried Von Cramm"
"314",314,314,314,314,314,314,314,314,314,314,314,314,314,314,314,314,314,314,314,314,314,314,314,314,314,314,314,1937,"French Open","Henner Henkel","Henry Austin"
"315",315,315,315,315,315,315,315,315,315,315,315,315,315,315,315,315,315,315,315,315,315,315,315,315,315,315,315,1937,"Australian Open","Vivian McGrath","John Bromwich"
"316",316,316,316,316,316,316,316,316,316,316,316,316,316,316,316,316,316,316,316,316,316,316,316,316,316,316,316,1936,"U.S. Open","Fred Perry","J. Donald Budge"
"317",317,317,317,317,317,317,317,317,317,317,317,317,317,317,317,317,317,317,317,317,317,317,317,317,317,317,317,1936,"Wimbledon","Fred Perry","Gottfried Von Cramm"
"318",318,318,318,318,318,318,318,318,318,318,318,318,318,318,318,318,318,318,318,318,318,318,318,318,318,318,318,1936,"French Open","Gottfried Von Cramm","Fred Perry"
"319",319,319,319,319,319,319,319,319,319,319,319,319,319,319,319,319,319,319,319,319,319,319,319,319,319,319,319,1936,"Australian Open","Adrian Quist","Jack Crawford"
"320",320,320,320,320,320,320,320,320,320,320,320,320,320,320,320,320,320,320,320,320,320,320,320,320,320,320,320,1935,"U.S. Open","Wilmer L. Allison","Sidney B. Wood"
"321",321,321,321,321,321,321,321,321,321,321,321,321,321,321,321,321,321,321,321,321,321,321,321,321,321,321,321,1935,"Wimbledon","Fred Perry","Gottfried Von Cramm"
"322",322,322,322,322,322,322,322,322,322,322,322,322,322,322,322,322,322,322,322,322,322,322,322,322,322,322,322,1935,"French Open","Fred Perry","Gottfried von Cramm"
"323",323,323,323,323,323,323,323,323,323,323,323,323,323,323,323,323,323,323,323,323,323,323,323,323,323,323,323,1935,"Australian Open","Jack Crawford","Fred Perry"
"324",324,324,324,324,324,324,324,324,324,324,324,324,324,324,324,324,324,324,324,324,324,324,324,324,324,324,324,1934,"U.S. Open","Fred Perry","Wilmer L. Allison"
"325",325,325,325,325,325,325,325,325,325,325,325,325,325,325,325,325,325,325,325,325,325,325,325,325,325,325,325,1934,"Wimbledon","Fred Perry","Jack Crawford"
"326",326,326,326,326,326,326,326,326,326,326,326,326,326,326,326,326,326,326,326,326,326,326,326,326,326,326,326,1934,"French Open","Gottfried Von Cramm","Jack Crawford"
"327",327,327,327,327,327,327,327,327,327,327,327,327,327,327,327,327,327,327,327,327,327,327,327,327,327,327,327,1934,"Australian Open","Fred Perry","Jack Crawford"
"328",328,328,328,328,328,328,328,328,328,328,328,328,328,328,328,328,328,328,328,328,328,328,328,328,328,328,328,1933,"U.S. Open","Fred Perry","John H. Crawford"
"329",329,329,329,329,329,329,329,329,329,329,329,329,329,329,329,329,329,329,329,329,329,329,329,329,329,329,329,1933,"Wimbledon","Jack Crawford","Ellsworth Vines"
"330",330,330,330,330,330,330,330,330,330,330,330,330,330,330,330,330,330,330,330,330,330,330,330,330,330,330,330,1933,"French Open","John Crawford","Henri Cochet"
"331",331,331,331,331,331,331,331,331,331,331,331,331,331,331,331,331,331,331,331,331,331,331,331,331,331,331,331,1933,"Australian Open","Jack Crawford","Keith Gledhill"
"332",332,332,332,332,332,332,332,332,332,332,332,332,332,332,332,332,332,332,332,332,332,332,332,332,332,332,332,1932,"U.S. Open","H. Ellsworth Vines","Henri Cochet"
"333",333,333,333,333,333,333,333,333,333,333,333,333,333,333,333,333,333,333,333,333,333,333,333,333,333,333,333,1932,"Wimbledon","H. Ellsworth Vines","Henry Austin"
"334",334,334,334,334,334,334,334,334,334,334,334,334,334,334,334,334,334,334,334,334,334,334,334,334,334,334,334,1932,"French Open","Henri Cochet","Giorgo de Stefani"
"335",335,335,335,335,335,335,335,335,335,335,335,335,335,335,335,335,335,335,335,335,335,335,335,335,335,335,335,1932,"Australian Open","Jack Crawford","Harry Hopman"
"336",336,336,336,336,336,336,336,336,336,336,336,336,336,336,336,336,336,336,336,336,336,336,336,336,336,336,336,1931,"U.S. Open","H. Ellsworth Vines","George M. Lott, Jr."
"337",337,337,337,337,337,337,337,337,337,337,337,337,337,337,337,337,337,337,337,337,337,337,337,337,337,337,337,1931,"Wimbledon","S.B. Wood","Francis X. Shields"
"338",338,338,338,338,338,338,338,338,338,338,338,338,338,338,338,338,338,338,338,338,338,338,338,338,338,338,338,1931,"French Open","Jean Borotra","Christian Boussus"
"339",339,339,339,339,339,339,339,339,339,339,339,339,339,339,339,339,339,339,339,339,339,339,339,339,339,339,339,1931,"Australian Open","Jack Crawford","Harry Hopman"
"340",340,340,340,340,340,340,340,340,340,340,340,340,340,340,340,340,340,340,340,340,340,340,340,340,340,340,340,1930,"U.S. Open","John H. Doeg","Francis X. Shields"
"341",341,341,341,341,341,341,341,341,341,341,341,341,341,341,341,341,341,341,341,341,341,341,341,341,341,341,341,1930,"Wimbledon","William T. Tilden","Wilmer Allison"
"342",342,342,342,342,342,342,342,342,342,342,342,342,342,342,342,342,342,342,342,342,342,342,342,342,342,342,342,1930,"French Open","Henri Cochet","William Tilden"
"343",343,343,343,343,343,343,343,343,343,343,343,343,343,343,343,343,343,343,343,343,343,343,343,343,343,343,343,1930,"Australian Open","Gar Moon","Harry Hopman"
"344",344,344,344,344,344,344,344,344,344,344,344,344,344,344,344,344,344,344,344,344,344,344,344,344,344,344,344,1929,"U.S. Open","William T. Tilden","Francis T. Hunter"
"345",345,345,345,345,345,345,345,345,345,345,345,345,345,345,345,345,345,345,345,345,345,345,345,345,345,345,345,1929,"Wimbledon","Henri Cochet","Jean Borotra"
"346",346,346,346,346,346,346,346,346,346,346,346,346,346,346,346,346,346,346,346,346,346,346,346,346,346,346,346,1929,"French Open","Rene Lacoste","Jean Borotra"
"347",347,347,347,347,347,347,347,347,347,347,347,347,347,347,347,347,347,347,347,347,347,347,347,347,347,347,347,1929,"Australian Open","John Gregory","Richard Schlesinger"
"348",348,348,348,348,348,348,348,348,348,348,348,348,348,348,348,348,348,348,348,348,348,348,348,348,348,348,348,1928,"U.S. Open","Henri Cochet","Francis T. Hunter"
"349",349,349,349,349,349,349,349,349,349,349,349,349,349,349,349,349,349,349,349,349,349,349,349,349,349,349,349,1928,"Wimbledon","Rene Lacoste","Henri Cochet"
"350",350,350,350,350,350,350,350,350,350,350,350,350,350,350,350,350,350,350,350,350,350,350,350,350,350,350,350,1928,"French Open","Henri Cochet","Ren Lacoste"
"351",351,351,351,351,351,351,351,351,351,351,351,351,351,351,351,351,351,351,351,351,351,351,351,351,351,351,351,1928,"Australian Open","Jean Borotra","R.Cummings"
"352",352,352,352,352,352,352,352,352,352,352,352,352,352,352,352,352,352,352,352,352,352,352,352,352,352,352,352,1927,"U.S. Open","Rene Lacoste","William T. Tilden"
"353",353,353,353,353,353,353,353,353,353,353,353,353,353,353,353,353,353,353,353,353,353,353,353,353,353,353,353,1927,"Wimbledon","Henri Cochet","Jean Borotra"
"354",354,354,354,354,354,354,354,354,354,354,354,354,354,354,354,354,354,354,354,354,354,354,354,354,354,354,354,1927,"French Open","Rene Lacoste","William Tilden"
"355",355,355,355,355,355,355,355,355,355,355,355,355,355,355,355,355,355,355,355,355,355,355,355,355,355,355,355,1927,"Australian Open","Gerald Patterson","John Hawkes"
"356",356,356,356,356,356,356,356,356,356,356,356,356,356,356,356,356,356,356,356,356,356,356,356,356,356,356,356,1926,"U.S. Open","Rene Lacoste","Jean Borotra"
"357",357,357,357,357,357,357,357,357,357,357,357,357,357,357,357,357,357,357,357,357,357,357,357,357,357,357,357,1926,"Wimbledon","Jean Borotra","Howard Kinsey"
"358",358,358,358,358,358,358,358,358,358,358,358,358,358,358,358,358,358,358,358,358,358,358,358,358,358,358,358,1926,"French Open","Henri Cochet","Ren Lacoste"
"359",359,359,359,359,359,359,359,359,359,359,359,359,359,359,359,359,359,359,359,359,359,359,359,359,359,359,359,1926,"Australian Open","John Hawkes","Jim Willard"
"360",360,360,360,360,360,360,360,360,360,360,360,360,360,360,360,360,360,360,360,360,360,360,360,360,360,360,360,1925,"U.S. Open","William T. Tilden","William M. Johnston"
"361",361,361,361,361,361,361,361,361,361,361,361,361,361,361,361,361,361,361,361,361,361,361,361,361,361,361,361,1925,"Wimbledon","Rene Lacoste","Jean Borotra"
"362",362,362,362,362,362,362,362,362,362,362,362,362,362,362,362,362,362,362,362,362,362,362,362,362,362,362,362,1925,"French Open","Rene Lacoste","Jean Borotra"
"363",363,363,363,363,363,363,363,363,363,363,363,363,363,363,363,363,363,363,363,363,363,363,363,363,363,363,363,1925,"Australian Open","James Anderson","Gerald Patterson"
"364",364,364,364,364,364,364,364,364,364,364,364,364,364,364,364,364,364,364,364,364,364,364,364,364,364,364,364,1924,"U.S. Open","William T. Tilden","William M. Johnston"
"365",365,365,365,365,365,365,365,365,365,365,365,365,365,365,365,365,365,365,365,365,365,365,365,365,365,365,365,1924,"Wimbledon","Jean Borotra","Rene Lacoste"
"366",366,366,366,366,366,366,366,366,366,366,366,366,366,366,366,366,366,366,366,366,366,366,366,366,366,366,366,1924,"French Open","Jean Borotra","Ren Lacoste"
"367",367,367,367,367,367,367,367,367,367,367,367,367,367,367,367,367,367,367,367,367,367,367,367,367,367,367,367,1924,"Australian Open","James Anderson","Richard Schlesinger"
"368",368,368,368,368,368,368,368,368,368,368,368,368,368,368,368,368,368,368,368,368,368,368,368,368,368,368,368,1923,"U.S. Open","William T. Tilden","William M. Johnston"
"369",369,369,369,369,369,369,369,369,369,369,369,369,369,369,369,369,369,369,369,369,369,369,369,369,369,369,369,1923,"Wimbledon","William M. Johnston","Francis T. Hunter"
"370",370,370,370,370,370,370,370,370,370,370,370,370,370,370,370,370,370,370,370,370,370,370,370,370,370,370,370,1923,"French Open","Francois Blanchy","Max Decugis"
"371",371,371,371,371,371,371,371,371,371,371,371,371,371,371,371,371,371,371,371,371,371,371,371,371,371,371,371,1923,"Australian Open","Pat O'Hara Wood","C.St.John"
"372",372,372,372,372,372,372,372,372,372,372,372,372,372,372,372,372,372,372,372,372,372,372,372,372,372,372,372,1922,"U.S. Open","William T. Tilden","William M. Johnston"
"373",373,373,373,373,373,373,373,373,373,373,373,373,373,373,373,373,373,373,373,373,373,373,373,373,373,373,373,1922,"Wimbledon","Gerald Patterson","Randolph Lycett"
"374",374,374,374,374,374,374,374,374,374,374,374,374,374,374,374,374,374,374,374,374,374,374,374,374,374,374,374,1922,"French Open","Henri Cochet","Jean Samazeuilh"
"375",375,375,375,375,375,375,375,375,375,375,375,375,375,375,375,375,375,375,375,375,375,375,375,375,375,375,375,1922,"Australian Open","Pat O'Hara Wood","Gerald Patterson"
"376",376,376,376,376,376,376,376,376,376,376,376,376,376,376,376,376,376,376,376,376,376,376,376,376,376,376,376,1921,"U.S. Open","William T. Tilden","William M. Johnston"
"377",377,377,377,377,377,377,377,377,377,377,377,377,377,377,377,377,377,377,377,377,377,377,377,377,377,377,377,1921,"Wimbledon","William T. Tilden","Brian Norton"
"378",378,378,378,378,378,378,378,378,378,378,378,378,378,378,378,378,378,378,378,378,378,378,378,378,378,378,378,1921,"French Open","Jean Samazeuilh","Andr Gobert"
"379",379,379,379,379,379,379,379,379,379,379,379,379,379,379,379,379,379,379,379,379,379,379,379,379,379,379,379,1921,"Australian Open","Rhys Gemmell","A. Hedeman"
"380",380,380,380,380,380,380,380,380,380,380,380,380,380,380,380,380,380,380,380,380,380,380,380,380,380,380,380,1920,"U.S. Open","William T. Tilden","William M. Johnston"
"381",381,381,381,381,381,381,381,381,381,381,381,381,381,381,381,381,381,381,381,381,381,381,381,381,381,381,381,1920,"Wimbledon","William T. Tilden","Gerald Patterson"
"382",382,382,382,382,382,382,382,382,382,382,382,382,382,382,382,382,382,382,382,382,382,382,382,382,382,382,382,1920,"French Open","Andre Gobert","Max Decugis"
"383",383,383,383,383,383,383,383,383,383,383,383,383,383,383,383,383,383,383,383,383,383,383,383,383,383,383,383,1920,"Australian Open","Pat O'Hara Wood","Ron Thomas"
"384",384,384,384,384,384,384,384,384,384,384,384,384,384,384,384,384,384,384,384,384,384,384,384,384,384,384,384,1919,"U.S. Open","William M. Johnston","William T. Tilden"
"385",385,385,385,385,385,385,385,385,385,385,385,385,385,385,385,385,385,385,385,385,385,385,385,385,385,385,385,1919,"Wimbledon","Gerald Patterson","Norman Brookes"
"386",386,386,386,386,386,386,386,386,386,386,386,386,386,386,386,386,386,386,386,386,386,386,386,386,386,386,386,1919,"Australian Open","A.R.F. Kingscote","E. Pockley"
"387",387,387,387,387,387,387,387,387,387,387,387,387,387,387,387,387,387,387,387,387,387,387,387,387,387,387,387,1918,"U.S. Open","R. Lindley Murray","William T. Tilden"
"388",388,388,388,388,388,388,388,388,388,388,388,388,388,388,388,388,388,388,388,388,388,388,388,388,388,388,388,1917,"U.S. Open","R. Lindley Murray","Nathaniel W. Niles"
"389",389,389,389,389,389,389,389,389,389,389,389,389,389,389,389,389,389,389,389,389,389,389,389,389,389,389,389,1916,"U.S. Open","Richard N. Williams","William M. Johnston"
"390",390,390,390,390,390,390,390,390,390,390,390,390,390,390,390,390,390,390,390,390,390,390,390,390,390,390,390,1915,"U.S. Open","William M. Johnston","Maurice E. McLoughlin"
"391",391,391,391,391,391,391,391,391,391,391,391,391,391,391,391,391,391,391,391,391,391,391,391,391,391,391,391,1915,"Australian Open","Francis Lowe","Horace Rice"
"392",392,392,392,392,392,392,392,392,392,392,392,392,392,392,392,392,392,392,392,392,392,392,392,392,392,392,392,1914,"U.S. Open","Richard N. Williams","Maurice E. McLoughlin"
"393",393,393,393,393,393,393,393,393,393,393,393,393,393,393,393,393,393,393,393,393,393,393,393,393,393,393,393,1914,"Wimbledon","Norman Brookes","Anthony Wilding"
"394",394,394,394,394,394,394,394,394,394,394,394,394,394,394,394,394,394,394,394,394,394,394,394,394,394,394,394,1914,"French Open","Max Decugis","Jean Samazeuilh"
"395",395,395,395,395,395,395,395,395,395,395,395,395,395,395,395,395,395,395,395,395,395,395,395,395,395,395,395,1914,"Australian Open","Pat O'Hara Wood","Gerald Patterson"
"396",396,396,396,396,396,396,396,396,396,396,396,396,396,396,396,396,396,396,396,396,396,396,396,396,396,396,396,1913,"U.S. Open","Maurice E. McLoughlin","Richard N. Williams"
"397",397,397,397,397,397,397,397,397,397,397,397,397,397,397,397,397,397,397,397,397,397,397,397,397,397,397,397,1913,"Wimbledon","Anthony Wilding","Maurice McLoughlin"
"398",398,398,398,398,398,398,398,398,398,398,398,398,398,398,398,398,398,398,398,398,398,398,398,398,398,398,398,1913,"French Open","Max Decugis","Georges Gault"
"399",399,399,399,399,399,399,399,399,399,399,399,399,399,399,399,399,399,399,399,399,399,399,399,399,399,399,399,1913,"Australian Open","E.F. Parker","Harry Parker"
"400",400,400,400,400,400,400,400,400,400,400,400,400,400,400,400,400,400,400,400,400,400,400,400,400,400,400,400,1912,"U.S. Open","Maurice E. McLoughlin","Wallace F. Johnson"
"401",401,401,401,401,401,401,401,401,401,401,401,401,401,401,401,401,401,401,401,401,401,401,401,401,401,401,401,1912,"Wimbledon","Anthony Wilding","Arthur Gore"
"402",402,402,402,402,402,402,402,402,402,402,402,402,402,402,402,402,402,402,402,402,402,402,402,402,402,402,402,1912,"French Open","Max Decugis","Andr Gobert"
"403",403,403,403,403,403,403,403,403,403,403,403,403,403,403,403,403,403,403,403,403,403,403,403,403,403,403,403,1912,"Australian Open","Cecil Parke","A. Beamish"
"404",404,404,404,404,404,404,404,404,404,404,404,404,404,404,404,404,404,404,404,404,404,404,404,404,404,404,404,1911,"U.S. Open","William A. Larned","Maurice E. McLoughlin"
"405",405,405,405,405,405,405,405,405,405,405,405,405,405,405,405,405,405,405,405,405,405,405,405,405,405,405,405,1911,"Wimbledon","Anthony Wilding","H. Roper Barrett"
"406",406,406,406,406,406,406,406,406,406,406,406,406,406,406,406,406,406,406,406,406,406,406,406,406,406,406,406,1911,"French Open","Andre Gobert","Maurice Germot"
"407",407,407,407,407,407,407,407,407,407,407,407,407,407,407,407,407,407,407,407,407,407,407,407,407,407,407,407,1911,"Australian Open","Norman Brookes","Horace Rice"
"408",408,408,408,408,408,408,408,408,408,408,408,408,408,408,408,408,408,408,408,408,408,408,408,408,408,408,408,1910,"U.S. Open","William A. Larned","Thomas C. Bundy"
"409",409,409,409,409,409,409,409,409,409,409,409,409,409,409,409,409,409,409,409,409,409,409,409,409,409,409,409,1910,"Wimbledon","Anthony Wilding","Arthur Gore"
"410",410,410,410,410,410,410,410,410,410,410,410,410,410,410,410,410,410,410,410,410,410,410,410,410,410,410,410,1910,"French Open","Maurice Germot","Franois Blanchy"
"411",411,411,411,411,411,411,411,411,411,411,411,411,411,411,411,411,411,411,411,411,411,411,411,411,411,411,411,1910,"Australian Open","Rodney Heath","Horace Rice"
"412",412,412,412,412,412,412,412,412,412,412,412,412,412,412,412,412,412,412,412,412,412,412,412,412,412,412,412,1909,"U.S. Open","William A. Larned","William J. Clothier"
"413",413,413,413,413,413,413,413,413,413,413,413,413,413,413,413,413,413,413,413,413,413,413,413,413,413,413,413,1909,"Wimbledon","Arthur Gore","M.J.G. Ritchie"
"414",414,414,414,414,414,414,414,414,414,414,414,414,414,414,414,414,414,414,414,414,414,414,414,414,414,414,414,1909,"French Open","Max Decugis","Maurice Germot"
"415",415,415,415,415,415,415,415,415,415,415,415,415,415,415,415,415,415,415,415,415,415,415,415,415,415,415,415,1909,"Australian Open","Tony Wilding","Ernie Parker"
"416",416,416,416,416,416,416,416,416,416,416,416,416,416,416,416,416,416,416,416,416,416,416,416,416,416,416,416,1908,"U.S. Open","William A. Larned","Beals C. Wright"
"417",417,417,417,417,417,417,417,417,417,417,417,417,417,417,417,417,417,417,417,417,417,417,417,417,417,417,417,1908,"Wimbledon","Arthur Gore","Roper Barrett"
"418",418,418,418,418,418,418,418,418,418,418,418,418,418,418,418,418,418,418,418,418,418,418,418,418,418,418,418,1908,"French Open","Max Decugis","Maurice Germot"
"419",419,419,419,419,419,419,419,419,419,419,419,419,419,419,419,419,419,419,419,419,419,419,419,419,419,419,419,1908,"Australian Open","Fred Alexander","Alfred Dunlop"
"420",420,420,420,420,420,420,420,420,420,420,420,420,420,420,420,420,420,420,420,420,420,420,420,420,420,420,420,1907,"U.S. Open","William A. Larned","Robert LeRoy"
"421",421,421,421,421,421,421,421,421,421,421,421,421,421,421,421,421,421,421,421,421,421,421,421,421,421,421,421,1907,"Wimbledon","Norman Brookes","Arthur Gore"
"422",422,422,422,422,422,422,422,422,422,422,422,422,422,422,422,422,422,422,422,422,422,422,422,422,422,422,422,1907,"French Open","Max Decugis","Robert Wallet"
"423",423,423,423,423,423,423,423,423,423,423,423,423,423,423,423,423,423,423,423,423,423,423,423,423,423,423,423,1907,"Australian Open","Horace Rice","Harry Parker"
"424",424,424,424,424,424,424,424,424,424,424,424,424,424,424,424,424,424,424,424,424,424,424,424,424,424,424,424,1906,"U.S. Open","William A. Larned","Beals C. Wright"
"425",425,425,425,425,425,425,425,425,425,425,425,425,425,425,425,425,425,425,425,425,425,425,425,425,425,425,425,1906,"Wimbledon","Laurie Doherty","Frank Riseley"
"426",426,426,426,426,426,426,426,426,426,426,426,426,426,426,426,426,426,426,426,426,426,426,426,426,426,426,426,1906,"French Open","Maurice Germot","Max Decugis"
"427",427,427,427,427,427,427,427,427,427,427,427,427,427,427,427,427,427,427,427,427,427,427,427,427,427,427,427,1906,"Australian Open","Tony Wilding","Harry Parker"
"428",428,428,428,428,428,428,428,428,428,428,428,428,428,428,428,428,428,428,428,428,428,428,428,428,428,428,428,1905,"U.S. Open","Beals C. Wright","Holcombe Ward"
"429",429,429,429,429,429,429,429,429,429,429,429,429,429,429,429,429,429,429,429,429,429,429,429,429,429,429,429,1905,"Wimbledon","Laurie Doherty","Norman Brookes"
"430",430,430,430,430,430,430,430,430,430,430,430,430,430,430,430,430,430,430,430,430,430,430,430,430,430,430,430,1905,"French Open","Maurice Germot","Andr Vacherot"
"431",431,431,431,431,431,431,431,431,431,431,431,431,431,431,431,431,431,431,431,431,431,431,431,431,431,431,431,1905,"Australian Open","Rodney Heath","A. Curtis"
"432",432,432,432,432,432,432,432,432,432,432,432,432,432,432,432,432,432,432,432,432,432,432,432,432,432,432,432,1904,"U.S. Open","Holcombe Ward","William J. Clothier"
"433",433,433,433,433,433,433,433,433,433,433,433,433,433,433,433,433,433,433,433,433,433,433,433,433,433,433,433,1904,"Wimbledon","Laurie Doherty","Frank Riseley"
"434",434,434,434,434,434,434,434,434,434,434,434,434,434,434,434,434,434,434,434,434,434,434,434,434,434,434,434,1904,"French Open","Max Decugis","Andr Vacherot"
"435",435,435,435,435,435,435,435,435,435,435,435,435,435,435,435,435,435,435,435,435,435,435,435,435,435,435,435,1903,"U.S. Open","Hugh L. Doherty","William A. Larned"
"436",436,436,436,436,436,436,436,436,436,436,436,436,436,436,436,436,436,436,436,436,436,436,436,436,436,436,436,1903,"Wimbledon","Laurie Doherty","Frank Riseley"
"437",437,437,437,437,437,437,437,437,437,437,437,437,437,437,437,437,437,437,437,437,437,437,437,437,437,437,437,1903,"French Open","Max Decugis","Andr Vacherot"
"438",438,438,438,438,438,438,438,438,438,438,438,438,438,438,438,438,438,438,438,438,438,438,438,438,438,438,438,1902,"U.S. Open","William A. Larned","Reginald F. Doherty"
"439",439,439,439,439,439,439,439,439,439,439,439,439,439,439,439,439,439,439,439,439,439,439,439,439,439,439,439,1902,"Wimbledon","Laurie Doherty","Arthur Gore"
"440",440,440,440,440,440,440,440,440,440,440,440,440,440,440,440,440,440,440,440,440,440,440,440,440,440,440,440,1902,"French Open","M. Vacherot","Max Decugis"
"441",441,441,441,441,441,441,441,441,441,441,441,441,441,441,441,441,441,441,441,441,441,441,441,441,441,441,441,1901,"U.S. Open","William A. Larned","Beals C. Wright"
"442",442,442,442,442,442,442,442,442,442,442,442,442,442,442,442,442,442,442,442,442,442,442,442,442,442,442,442,1901,"Wimbledon","Arthur Gore","Reggie Doherty"
"443",443,443,443,443,443,443,443,443,443,443,443,443,443,443,443,443,443,443,443,443,443,443,443,443,443,443,443,1901,"French Open","Andre Vacherot","P. Lebreton"
"444",444,444,444,444,444,444,444,444,444,444,444,444,444,444,444,444,444,444,444,444,444,444,444,444,444,444,444,1900,"U.S. Open","Malcolm D. Whitman","William A. Larned"
"445",445,445,445,445,445,445,445,445,445,445,445,445,445,445,445,445,445,445,445,445,445,445,445,445,445,445,445,1900,"Wimbledon","Reggie Doherty","Sidney Smith"
"446",446,446,446,446,446,446,446,446,446,446,446,446,446,446,446,446,446,446,446,446,446,446,446,446,446,446,446,1900,"French Open","Paul Ayme","A. Prvost"
"447",447,447,447,447,447,447,447,447,447,447,447,447,447,447,447,447,447,447,447,447,447,447,447,447,447,447,447,1899,"U.S. Open","Malcolm D. Whitman","J. Parmly Paret"
"448",448,448,448,448,448,448,448,448,448,448,448,448,448,448,448,448,448,448,448,448,448,448,448,448,448,448,448,1899,"Wimbledon","Reggie Doherty","Arthur Gore"
"449",449,449,449,449,449,449,449,449,449,449,449,449,449,449,449,449,449,449,449,449,449,449,449,449,449,449,449,1899,"French Open","Paul Ayme","P. Lebreton"
"450",450,450,450,450,450,450,450,450,450,450,450,450,450,450,450,450,450,450,450,450,450,450,450,450,450,450,450,1898,"U.S. Open","Malcolm D. Whitman","Dwight F. Davis"
"451",451,451,451,451,451,451,451,451,451,451,451,451,451,451,451,451,451,451,451,451,451,451,451,451,451,451,451,1898,"Wimbledon","Reggie Doherty","Laurie Doherty"
"452",452,452,452,452,452,452,452,452,452,452,452,452,452,452,452,452,452,452,452,452,452,452,452,452,452,452,452,1898,"French Open","Paul Ayme","P. Lebreton"
"453",453,453,453,453,453,453,453,453,453,453,453,453,453,453,453,453,453,453,453,453,453,453,453,453,453,453,453,1897,"U.S. Open","Robert D. Wrenn","Wilberforce Eaves"
"454",454,454,454,454,454,454,454,454,454,454,454,454,454,454,454,454,454,454,454,454,454,454,454,454,454,454,454,1897,"Wimbledon","Reggie Doherty","Harold Mahoney"
"455",455,455,455,455,455,455,455,455,455,455,455,455,455,455,455,455,455,455,455,455,455,455,455,455,455,455,455,1897,"French Open","Paul Ayme","F. Wardan"
"456",456,456,456,456,456,456,456,456,456,456,456,456,456,456,456,456,456,456,456,456,456,456,456,456,456,456,456,1896,"U.S. Open","Robert D. Wrenn","Fred H. Hovey"
"457",457,457,457,457,457,457,457,457,457,457,457,457,457,457,457,457,457,457,457,457,457,457,457,457,457,457,457,1896,"Wimbledon","Harold Mahoney","Wilfred Baddeley"
"458",458,458,458,458,458,458,458,458,458,458,458,458,458,458,458,458,458,458,458,458,458,458,458,458,458,458,458,1896,"French Open","Andre Vacherot","G. Brosselin"
"459",459,459,459,459,459,459,459,459,459,459,459,459,459,459,459,459,459,459,459,459,459,459,459,459,459,459,459,1895,"U.S. Open","Fred H. Hovey","Robert D. Wrenn"
"460",460,460,460,460,460,460,460,460,460,460,460,460,460,460,460,460,460,460,460,460,460,460,460,460,460,460,460,1895,"Wimbledon","Wilfred Baddeley","Wilberforce Eaves"
"461",461,461,461,461,461,461,461,461,461,461,461,461,461,461,461,461,461,461,461,461,461,461,461,461,461,461,461,1895,"French Open","Andre Vacherot","L. Riboulet"
"462",462,462,462,462,462,462,462,462,462,462,462,462,462,462,462,462,462,462,462,462,462,462,462,462,462,462,462,1894,"U.S. Open","Robert D. Wrenn","Manliff Goodbody"
"463",463,463,463,463,463,463,463,463,463,463,463,463,463,463,463,463,463,463,463,463,463,463,463,463,463,463,463,1894,"Wimbledon","Joshua Pim","Wilfred Baddeley"
"464",464,464,464,464,464,464,464,464,464,464,464,464,464,464,464,464,464,464,464,464,464,464,464,464,464,464,464,1894,"French Open","Andre Vacherot","G. Brosselin"
"465",465,465,465,465,465,465,465,465,465,465,465,465,465,465,465,465,465,465,465,465,465,465,465,465,465,465,465,1893,"U.S. Open","Robert D. Wrenn","Fred H. Hovey"
"466",466,466,466,466,466,466,466,466,466,466,466,466,466,466,466,466,466,466,466,466,466,466,466,466,466,466,466,1893,"Wimbledon","Joshua Pim","Wilfred Baddeley"
"467",467,467,467,467,467,467,467,467,467,467,467,467,467,467,467,467,467,467,467,467,467,467,467,467,467,467,467,1893,"French Open","L. Riboulet","J. Schopfer"
"468",468,468,468,468,468,468,468,468,468,468,468,468,468,468,468,468,468,468,468,468,468,468,468,468,468,468,468,1892,"U.S. Open","Oliver S. Campbell","Fred H. Hovey"
"469",469,469,469,469,469,469,469,469,469,469,469,469,469,469,469,469,469,469,469,469,469,469,469,469,469,469,469,1892,"Wimbledon","Wilfred Baddeley","Joshua Pim"
"470",470,470,470,470,470,470,470,470,470,470,470,470,470,470,470,470,470,470,470,470,470,470,470,470,470,470,470,1892,"French Open","J. Schopfer","Fassitt"
"471",471,471,471,471,471,471,471,471,471,471,471,471,471,471,471,471,471,471,471,471,471,471,471,471,471,471,471,1891,"U.S. Open","Oliver S. Campbell","Clarence Hobart"
"472",472,472,472,472,472,472,472,472,472,472,472,472,472,472,472,472,472,472,472,472,472,472,472,472,472,472,472,1891,"Wimbledon","Wilfred Baddeley","Joshua Pim"
"473",473,473,473,473,473,473,473,473,473,473,473,473,473,473,473,473,473,473,473,473,473,473,473,473,473,473,473,1891,"French Open","H. Briggs","P. Baigneres"
"474",474,474,474,474,474,474,474,474,474,474,474,474,474,474,474,474,474,474,474,474,474,474,474,474,474,474,474,1890,"U.S. Open","Oliver S. Campbell","Henry W. Slocum, Jr."
"475",475,475,475,475,475,475,475,475,475,475,475,475,475,475,475,475,475,475,475,475,475,475,475,475,475,475,475,1890,"Wimbledon","William Hamilton","William Renshaw"
"476",476,476,476,476,476,476,476,476,476,476,476,476,476,476,476,476,476,476,476,476,476,476,476,476,476,476,476,1889,"U.S. Open","Henry W. Slocum Jr.","Quincy Shaw"
"477",477,477,477,477,477,477,477,477,477,477,477,477,477,477,477,477,477,477,477,477,477,477,477,477,477,477,477,1889,"Wimbledon","William Renshaw","Ernest Renshaw"
"478",478,478,478,478,478,478,478,478,478,478,478,478,478,478,478,478,478,478,478,478,478,478,478,478,478,478,478,1888,"U.S. Open","Henry W. Slocum Jr.","Howard A. Taylor"
"479",479,479,479,479,479,479,479,479,479,479,479,479,479,479,479,479,479,479,479,479,479,479,479,479,479,479,479,1888,"Wimbledon","Ernest Renshaw","Herbert Lawford"
"480",480,480,480,480,480,480,480,480,480,480,480,480,480,480,480,480,480,480,480,480,480,480,480,480,480,480,480,1887,"U.S. Open","Richard D. Sears","Henry W. Slocum, Jr."
"481",481,481,481,481,481,481,481,481,481,481,481,481,481,481,481,481,481,481,481,481,481,481,481,481,481,481,481,1887,"Wimbledon","Herbert Lawford","Ernest Renshaw"
"482",482,482,482,482,482,482,482,482,482,482,482,482,482,482,482,482,482,482,482,482,482,482,482,482,482,482,482,1886,"U.S. Open","Richard D. Sears","R. Livingston Beeckman"
"483",483,483,483,483,483,483,483,483,483,483,483,483,483,483,483,483,483,483,483,483,483,483,483,483,483,483,483,1886,"Wimbledon","William Renshaw","Herbert Lawford"
"484",484,484,484,484,484,484,484,484,484,484,484,484,484,484,484,484,484,484,484,484,484,484,484,484,484,484,484,1885,"U.S. Open","Richard D. Sears","Godfrey M. Brinley"
"485",485,485,485,485,485,485,485,485,485,485,485,485,485,485,485,485,485,485,485,485,485,485,485,485,485,485,485,1885,"Wimbledon","William Renshaw","Herbert Lawford"
"486",486,486,486,486,486,486,486,486,486,486,486,486,486,486,486,486,486,486,486,486,486,486,486,486,486,486,486,1884,"U.S. Open","Richard D. Sears","Howard A. Taylor"
"487",487,487,487,487,487,487,487,487,487,487,487,487,487,487,487,487,487,487,487,487,487,487,487,487,487,487,487,1884,"Wimbledon","William Renshaw","Herbert Lawford"
"488",488,488,488,488,488,488,488,488,488,488,488,488,488,488,488,488,488,488,488,488,488,488,488,488,488,488,488,1883,"U.S. Open","Richard D. Sears","James Dwight"
"489",489,489,489,489,489,489,489,489,489,489,489,489,489,489,489,489,489,489,489,489,489,489,489,489,489,489,489,1883,"Wimbledon","William Renshaw","Ernest Renshaw"
"490",490,490,490,490,490,490,490,490,490,490,490,490,490,490,490,490,490,490,490,490,490,490,490,490,490,490,490,1882,"U.S. Open","Richard D. Sears","Clarence M. Clark"
"491",491,491,491,491,491,491,491,491,491,491,491,491,491,491,491,491,491,491,491,491,491,491,491,491,491,491,491,1882,"Wimbledon","William Renshaw","Ernest Renshaw"
"492",492,492,492,492,492,492,492,492,492,492,492,492,492,492,492,492,492,492,492,492,492,492,492,492,492,492,492,1881,"U.S. Open","Richard D. Sears","William E. Glyn"
"493",493,493,493,493,493,493,493,493,493,493,493,493,493,493,493,493,493,493,493,493,493,493,493,493,493,493,493,1881,"Wimbledon","William Renshaw","John Hartley"
"494",494,494,494,494,494,494,494,494,494,494,494,494,494,494,494,494,494,494,494,494,494,494,494,494,494,494,494,1880,"Wimbledon","John Hartley","Herbert Lawford"
"495",495,495,495,495,495,495,495,495,495,495,495,495,495,495,495,495,495,495,495,495,495,495,495,495,495,495,495,1879,"Wimbledon","John Hartley","V. St. Leger Gould"
"496",496,496,496,496,496,496,496,496,496,496,496,496,496,496,496,496,496,496,496,496,496,496,496,496,496,496,496,1878,"Wimbledon","Frank Hadow","Spencer Gore"
"497",497,497,497,497,497,497,497,497,497,497,497,497,497,497,497,497,497,497,497,497,497,497,497,497,497,497,497,1877,"Wimbledon","Spencer Gore","William Marshall"
